id,title,doi,publication_year,type,authorships,keywords,abstract,first_auth_id,primary,materials,preprint,filename,include
https://openalex.org/W7166195090,"Substantial export of shale‐derived particulate black carbon in the Hudson River indicated by compound‐specific stable carbon isotopes (New York, United States)",https://doi.org/10.1002/esp.70340,2026,article,Alex Collins; Morgan F. Schaller; Riley Barton; Madelyn Miller; Sasha Wagner,Carbon black; Total organic carbon; Carbon fibers; Charcoal; Particulates; Isotopes of carbon; Fraction (chemistry); Oil shale; Dissolved organic carbon,"The erosion of petrogenic organic carbon links lithology, climate, and atmospheric CO 2 over geologic timescales. Recently, greater interest has been vested in identifying the dynamics of petrogenic organic carbon on modern timescales, particularly during riverine export. Petrogenic organic carbon is molecularly diverse, where labile fractions are readily oxidized to CO 2 upon entering the environment, whereas more recalcitrant fractions remain passive during transit. The condensed aromatic fraction of organic carbon—termed black carbon—is highly recalcitrant in the environment. Particulate black carbon (PBC) is derived from both petrogenic and pyrogenic sources (e.g., charcoal, soot, petroleum, and graphite). Here, we use the benzenepolycarboxylic acid method to identify and quantify the fraction of black carbon derived from regional shale lithologies in the Hudson River watershed (New York, United States). Suspended sediments collected between March 2021 and May 2022 were measured for PBC‐specific stable carbon isotopes (δ 13 C) to identify source inputs. We found that PBC‐specific δ 13 C values were higher (approximately −27‰) and similar to a wood charcoal standard at low flow but declined exponentially as flow increased, with values at peak flows (approximately −30‰) to be more consistent those observed for black carbon in regional shale endmembers. A two‐endmember mixing model (shale versus wood char) indicates shale‐derived black carbon to represent a substantial fraction of total exported PBC that increases proportionally under higher flow conditions. We estimate that shale‐derived PBC comprises a larger fraction of particulate organic carbon in the Mohawk River (59% ± 19%) compared with the Upper Hudson River (49% ± 15%), mirroring the greater extent of organic‐rich shale that underlies the Mohawk River catchment and is supported by previous work showing radiocarbon‐depleted particulate organic carbon for the catchment. Together, these results show that PBC is a conservative tracer for petrogenic organic carbon in rivers and that shale‐derived black carbon is exported most efficiently during hydrologic events.",A5139452034,FALSE,,,,FALSE
https://openalex.org/W7139060657,Lost in translation: Reconciling different streamflow permanence data products,https://doi.org/10.1016/j.jenvman.2026.129219,2026,article,Kristin L. Jaeger; Susan A. Wherry; Malia H. Scott; Audrey Martinez; Roy Sando; Evan Thaler,Streamflow; Stream flow; Hydrology (agriculture),"The objective of this study is to provide a framework to reconcile streamflow permanence products that provide information on whether a stream is perennial or nonperennial. Accurate classification of streams as perennial or nonperennial is important for a variety of land and water resource management decisions. However, resource managers are challenged with how to reconcile different streamflow permanence information to determine if it is sufficient to avoid field verification, which can be prohibitively costly and time consuming. The study evaluates two datasets for the Pacific Northwest Region, U.S., the National Hydrography Dataset Plus High Resolution (NHDPlus HR) hydrographic classification and the PRObability of Streamflow PERmanence (PROSPER) model output, which differ in structure, output type, and temporal and spatial resolution. The framework includes a two-level evaluation that involves assessing agreement between the two datasets and evaluating the reliability of the two datasets. Summarized at a regional scale, the two datasets agree for 68% of flowlines with higher agreement for nonperennial streams. PROSPER nonperennial stream classifications may be considered generally reliable in arid regions relative to other ecoregions within the Pacific Northwest study area but less reliable for high elevation mountain regions and larger streams and rivers. More than 75% of NHDPlusHR classifications may be considered reliable when evaluating reliability based on approximate climate conditions associated with the year that the NHDPlus HR classification was assigned. The decision procedure is reproducible, flexible to varying criteria of end user applications, and is intended to help provide cost saving opportunities for land managers by providing information for more strategic field verification of streamflow class determination based on available yet imperfect data sources.",A5008363784,FALSE,,,,FALSE
https://openalex.org/W7152955195,Vegetation heterogeneity reflects soil thermal state and surface soil displacement in a thawing permafrost landscape,https://doi.org/10.1088/2752-664x/ae5dd5,2026,article,Margaret Shepherd Farley; Evan Thaler; Sylvain Fiolleau; Baptiste Dafflon; Joanmarie Del Vecchio; Chen Wang; Ryan Crumley; Katrina Eleanor Bennett; Colleen M. Iversen; J. C. Rowland,Permafrost; Vegetation (pathology); Soil water; Active layer; Arctic; Hydrology (agriculture); Erosion; Spatial variability,"Thawing permafrost has the potential to dramatically alter the physical and ecological structure of northern landscapes. Warming of the Arctic and subsequent degradation of permafrost have created a need to assess the stability and movement of soils on hillslopes and the potential impacts on ecosystem structure. In this work, we explore the relationships among vegetation heterogeneity, soil temperature, and soil surface displacements observed from 2019 to 2022 in a watershed in the discontinuous permafrost region on the Seward Peninsula of Alaska. Vegetation heterogeneity was measured as the standard deviation (SD) of the normalized difference vegetation index (NDVI) from 3 m PlanetScope satellite imagery around each soil temperature and active layer thickness observation. Locations of observations were clustered into three soil thermal groups, warm, intermediate, and cold, based on soil temperature and active layer thickness. Average annual horizontal surface displacements were significantly lower for soils within the warm thermal group (median = 0.033 m yr −1 ) compared to soils within the cold thermal group (median = 0.090 m yr −1 ; p < 0.001). Conversely, vegetation heterogeneity was significantly higher in the warm (median = 0.014 SD NDVI; p = 0.002) and intermediate (median = 0.015 SD NDVI; p = 0.002) groups compared with the cold thermal group (median = 0.012 SD NDVI), suggesting a warming-induced shift in vegetation community complexity. Because of the observed associations of ground surface displacement rates and vegetation heterogeneity with soil thermal state, we hypothesize that warming soil conditions induce changes in the rates and patterns of hillslope erosion due to an increase in surface movement as near-surface permafrost thaws, followed by a decrease as the permafrost table deepens and excess ice content diminishes. The transition to warm soils promotes surface ecosystem transformation, shifting the dominant vegetation at the site, given the warming climatic conditions of the region. We integrated our observations of soil temperature, vegetation heterogeneity, and soil surface displacements into a conceptual model that describes the co-evolution of hillslopes and vegetation in warming permafrost environments, which is currently unrepresented in earth system models.",A5133319929,FALSE,,,,FALSE
https://openalex.org/W7160951658,Effects of Wildfire on Soil Hydraulic Properties in the Western Oregon Cascades,https://doi.org/10.1029/2025jg009611,2026,article,Cedric Pimont; Evan Thaler; Brian A. Ebel; Kevin D. Bladon,Hydraulic conductivity; Soil water; Hydrology (agriculture); Infiltration (HVAC); Surface runoff; Sorptivity; Debris,"Wildfires can substantially impact the hydrology of forested watersheds, increasing the risk of hydrologic hazards such as flash floods and debris flows. Soil hydraulic properties related to infiltration are a key control in determining the timing and magnitude of these hydrogeomorphic events. In our study, we collected 445 soil cores from burned (216 cores) and unburned (229 cores) reference catchments and analyzed them for soil hydraulic properties 10 months after the 2022 Cedar Creek Fire in Oregon, USA. We observed significantly greater field‐saturated hydraulic conductivity ( K fs ), sorptivity ( S ), and wetting front potential ( Ψ f ) in burned soils relative to unburned soils, with median ratios of 5.7, 4.4, and 5.0, respectively. Among low‐, moderate‐, and high burn severity groups, soil hydraulic properties were not statistically different. Reductions in median soil bulk density with increasing burn severity suggested an expansion of pore sizes, which may have been partially responsible for increasing K fs and S . Additionally, in some burned soil samples, the increase in soil hydraulic properties may have been partially related to a concurrent reduction in “natural background” water repellency that is characteristic of dry, unburned soils in the Western Cascades. We observed no evidence of spatial autocorrelation in K fs using semivariogram analysis. Principal component analysis paired with a k‐ means cluster analysis suggested that soil physical properties explained variations in soil hydraulic properties better than landscape attributes. Although there is a lack of regional results for comparison, our results trend in the opposite direction from drier, lower net primary productivity regions that are typically studied for post‐wildfire soil hydraulic properties.",A5135940548,TRUE,,,,TRUE
https://openalex.org/W7165006575,Mechanistic evaluation of chitosan and aluminum chlorohydrate pre-coagulation for fouling mitigation during ultrafiltration of wildfire-affected soil leachate,https://doi.org/10.1016/j.seppur.2026.138996,2026,article,Sohail Farooq; Ryan P. Cole; Amanda K. Hohner; Kevin D. Bladon; Xue Jin,Ultrafiltration (renal); Leachate; Chitosan; Fouling; Aluminium,NA,A5103867924,FALSE,,,,TRUE
https://openalex.org/W7128475890,Post-wildfire water quality and aquatic ecosystem response in the U.S. Pacific Northwest: science and monitoring gaps,https://doi.org/10.1088/3033-4942/ae36cb,2026,article,Sara Wall; Jana E. Compton; Ashley A. Coble; Beth M. Haley; Jiajia Lin; Allison Myers-Pigg; Justin K. Reale; Katie Wampler; Allison Swartz; Kevan B. Moffett; Kevin D. Bladon; Kurt D. Carpenter; Heejun Chang; Junjie Chen; David Donahue; Chris S. Eckley; Amanda K. Hohner; Peter M. Kiffney; Lorrayne Miralha; Peter Regier; Joshua Seeds; Mark River,Water quality; Aquatic ecosystem; Ecosystem; Aquatic science; Quality (philosophy); Aquatic environment,"An increase in the occurrence of large, high severity wildfires in the western Pacific Northwest (PNW), USA, has created an urgent need for science to better inform forest management and policy decisions to maintain source water quality in the region. The western PNW faces similar challenges to other regions with shifting wildfire regimes and large population centers reliant on surface water from forested catchments. However, the uniquely wet and highly seasonal climate of the western PNW suggests that findings from other, more frequently burned regions may not be directly applicable. To identify science, monitoring, and management gaps and opportunities in the western PNW, this review was collaboratively undertaken by academics, non-government and industry representatives, and local, state, and federal government entities who have been working together since the 2020 Labor Day fires in Oregon. Focusing on Oregon and Washington, we found that monitoring networks for continuous water quantity and quality cover much of the state with greater representation in western U.S. ecoregions, but few studies have analyzed and published these data to capture and communicate the post-wildfire response. Approximately half of the streamgages in Oregon and Washington record major water quality parameters, and hundreds of sites in the area have discrete sampling for a wide range of water quality constituents. Still, numerous gaps exist in understanding the short- and long-term impacts of wildfire on hydrology, water chemistry, including pH and dissolved oxygen, mobilization of metals, aquatic ecosystems, and downstream drinking water treatment. Collective action to further collect, analyze, interpret, and publish the key data could help improve our understanding of post-wildfire water quality impacts in this and other increasingly wildfire-affected regions.",A5069948863,FALSE,,,,TRUE
https://openalex.org/W7125603681,Modeling hydrologic response to wildfires in the Pacific Northwest with a modified calibration technique,https://doi.org/10.1016/j.envsoft.2026.106896,2026,article,Hyunwoo Kang; Cameron E. Naficy; Kevin D. Bladon,Evapotranspiration; Hydrology (agriculture); Surface runoff; Water balance; Hydrological modelling; Vegetation (pathology); Soil and Water Assessment Tool; Resilience (materials science),"The 2020 Labor Day fires in the Western Cascades of Oregon, USA, burned extensive forested areas, which altered hydrologic processes, water quality, aquatic ecosystems, and drinking water resources. Understanding wildfire severity effects on hydrologic processes is crucial for improved water resource management. Our study assessed wildfire severity impacts on hydrology using a modified calibration method for the Soil and Water Assessment Tool (SWAT) model. Calibration incorporated evapotranspiration and leaf area index to represent vegetation loss and hydrologic impacts. We also integrated a wildfire module to simulate fire effects on soil and vegetation parameters. This improved modeling approach effectively captured post-fire hydrologic behavior, especially increased high streamflows and reduced evapotranspiration, with greater changes linked to higher burn severity. These findings emphasize the importance of considering fire severity in hydrologic modeling, aiding proactive management and mitigation strategies to protect water supply and enhance ecosystem resilience in wildfire-prone regions.",A5101721232,TRUE,,,,TRUE
https://openalex.org/W7131260267,"Impacts of Tethered Logging Equipment on Soil Compaction, Moisture and Seedling Growth",https://doi.org/10.1007/s44391-026-00057-9,2026,article,Woodam Chung; Ronald Reuter; Brett A. Morrissette; Ben Leshchinsky; Kevin D. Bladon; Jeffery A. Hatten; Carlos A. González-Benecke,Soil water; Ultisol; Water content; Seedling; Biomass (ecology); Sediment; Logging; Hydrology (agriculture),"Traditional hand-felling on steep slopes in the Pacific Northwest (USA) minimizes soil disturbance but is labor intensive and hazardous. Tether-assist machine harvest offers a safer alternative, yet its soil impacts are less understood. This study compared soil impacts (bulk density (Db), sediment production, penetration resistance) and soil resilience (volumetric water content (VWC), seedling growth) between hand-felled and tethered machine-felled areas on > 30% slopes with Ultisol soils (silty clay loams) in Southwest Oregon. Pre- and post-yarding soil measurements were taken in both harvest areas, with tracked and untracked zones assessed for resilience in the tethered system. Both methods showed a general decrease in near-surface Db that persisted through to the post-yarding phase. A general increase in subsurface penetration resistance occurred across treatments, with varying significance. No sediment production was observed over two years. Tracked soils exhibited higher VWC, especially during dry months with high vapor pressure deficit, and greater Douglas-fir ( Pseudotsuga menziesii (Mirb.) Franco) seedling biomass than untracked soils. These results suggest, for the two-year observation period, that tether-assist harvest on these soils does not more negatively impact soil compared to the current steep slope harvest standard of hand-felling. The higher plant biomass and VWC in tracked zones suggest machine traffic collapses macropores, increasing water retention, which may allow for more plant available water during dry seasons. This study contributes to the growing understanding of tethered versus traditional harvesting on steep terrain and suggests that tethered machine-felling could be a safer and viable alternative to hand-felling on steep (> 30% slopes) terrain with Ultisol soils in dry conditions.",A5043073521,FALSE,,,,TRUE
https://openalex.org/W7126253858,When Do Riverine Systems “Feel the Burn”? Simulating How Burn Extent and Severity Modulate Hydrologic Controls on Biogeochemical Export,https://doi.org/10.1029/2025wr040678,2026,article,K. A. Wampler; A. N. Myers‐Pigg; Hyunwoo Kang; Peter Regier; T. D. Scheibe; K. D. Bladon,Biogeochemical cycle; Dissolved organic carbon; Hydrology (agriculture); Vegetation (pathology); Aquatic ecosystem; Water quality; Soil carbon; Nitrate; Precipitation; Ecosystem,"Wildfires impact terrestrial landscapes and downstream river corridors through shifts in vegetation and soil properties leading to downstream hydrologic and water quality impacts. The magnitude of these impacts depend on a complex and interconnected set of wildfire, landscape, and aquatic processes. Here, we isolate the impact of post‐fire hydrologic changes on streamflow, nitrate, and dissolved organic carbon using the Soil and Water Assessment Tool (SWAT) model. We explore how responses differ across burn severity and area burned in two test basins: a humid forested basin and a semi‐arid mixed land use basin. We ran 1830 wildfire simulations testing impacts of area burned, burn severity, and post‐fire precipitation on streamflow, nitrate, and dissolved organic carbon. Our work suggests that area burned thresholds differ with burn severity and analyte. Additionally, post‐fire transport of dissolved organic carbon was sensitive to both area burned and severity, while nitrate was primarily sensitive to area burned. Despite a muted (−9.5 to 5.7 mm yr −1 change) hydrologic response in the semi‐arid basin, the model predicted large (7%–288% increase) shifts in dissolved organic carbon, suggesting that post‐fire shifts in flow pathways and soil properties are key in its response. The limited shifts in nitrate responses in the simulations highlight that terrestrial post‐fire transformations, rather than hydrologic changes, may control the increases in stream nitrate often observed post‐fire. As wildfire regimes are shifting, improving understanding of post‐fire nutrient export responses is critical to protect freshwater resources and aquatic ecosystems.",A5124361420,FALSE,,,,TRUE
https://openalex.org/W7172271619,An interpretable remote sensing–machine learning framework for wildfire soil burn severity prediction in the northwestern United States,https://doi.org/10.1071/wf25295,2026,article,Subhankar Das; Mariana Dobre; Roger Lew; Sarah A. Lewis; Erin Brooks; Peter R. Robichaud; Anurag Srivastava; Mary Ellen Miller; Alex Watanabe; Marta Basso,Random forest; Vegetation (pathology); Surface runoff; Predictive modelling; Biomass (ecology); Boreal; Gradient boosting; Boosting (machine learning); Water content,"Background Although soil burn severity (SBS) is traditionally mapped post-fire, pre-fire predictive approaches remain limited despite their potential to identify areas at risk of soil degradation, runoff and erosion. Aim To develop a large-scale model for predicting post-fire SBS from pre-fire conditions at ~30 m spatial resolution. Methods A harmonized dataset of 62 wildfires (2018–2024) was used to build machine learning (ML) frameworks based on Random Forest, eXtreme Gradient Boosting (XGBoost), and Light Gradient Boosting Machine (LightGBM), using pre-fire vegetation, climate, soil–terrain and anthropogenic predictors. Performance was evaluated using five-fold cross-validation (CV), leave-one-fire-out (LOFO) validation and independent testing on 2025 fires. Key Results All models showed similar CV overall accuracy (OA ~0.58), but LOFO performance varied. LightGBM maintained more consistent OA (0.51–0.58) across fire size classes, whereas XGBoost and Random Forest exhibited comparable performance. Key predictors included vegetation biomass (Normalized Difference Moisture Index, Enhanced Vegetation Index), fuel stress (Evaporative Stress Index, Evapotranspiration), elevation and soil moisture. High SBS was associated with dry conditions and high biomass availability, with region-specific controls modulating these patterns. Conclusion ML models using pre-fire environmental data enable proactive SBS prediction. Implications This framework supports fuel management planning, potential post-fire hydrological impact assessment and the prediction of SBS from pre-fire conditions.",A5026287155,FALSE,,,,FALSE
https://openalex.org/W4411910274,Spatial and Temporal Shifts in Dissolved Organic Matter Character Across a Burned Stream Network,https://doi.org/10.1029/2024jg008687,2025,article,Katie A. Wampler; Kevin D. Bladon; Allison Myers‐Pigg; Alan Roebuck,Character (mathematics); Environmental science; Organic matter; Dissolved organic carbon; Hydrology (agriculture); Geology; Ecology; Oceanography; Mathematics; Geotechnical engineering,"Increasing wildfire activity can impact the global carbon cycle, aquatic ecosystem health, and drinking water treatment through alterations in aquatic dissolved organic matter (DOM) composition. However, uncertainty remains about the spatial and temporal variability in wildfire effects on DOM composition. We sought to improve understanding of how burn severity affects stream DOM and how weather, hydrology, and landscape factors contribute to variability in post‐fire DOM responses across space and time. Following a large 2020 wildfire in Oregon, USA, we collected water samples to quantify dissolved organic carbon and DOM optical properties at 129 stream sites across the fire‐affected stream network. Sampling was repeated across seasonal hydrologic conditions to capture variation in hydrologic pathways and organic matter sources. We developed a PARAFAC model using excitation‐emission matrices (EEMs) and used spatial stream network (SSN) models to determine how DOM composition changed across the stream network with burn severity. The greatest shifts in DOM composition were observed during the dry and wetting seasons, with an increase in aromatic DOM at higher burn severities. In contrast, an increase in protein‐like DOM was observed during the wet season at higher burn severities. Drainage area, 31‐day and 1‐day antecedent precipitation, and baseflow index impacted the relationship between DOM composition and burn severity, which could partially explain the variability in post‐fire DOM responses. Our study contributes a mechanistic understanding of how wildfire impacts DOM sources and composition, which is critical to predicting wildfire effects on aquatic biogeochemical cycling and preserving ecosystem health and source water quality.",A5016670368,TRUE,,,,TRUE
https://openalex.org/W4414977993,Data and scripts associated with “When do Riverine Systems 'Feel the Burn'? Simulating How Burn Extent and Severity Modulate Hydrologic Controls on Biogeochemical Export” (v2),https://doi.org/10.15485/2529445,2025,article,Katie A. Wampler; Kevin D. Bladon; Brieanne Forbes; Hyunwoo Kang; Beck Powers-McCormack; Peter Regier; Tim Scheibe; Allison Myers‐Pigg,Biogeochemical cycle; Surface runoff; Hydrology (agriculture); Precipitation; Hydrological modelling; Baseflow; Climate change; Drainage basin; Carbon cycle,"This data package is associated with the publication “When do Riverine Systems 'Feel the Burn'? Simulating How Burn Extent and Severity Modulate Hydrologic Controls on Biogeochemical Export” published in Water Resources Research (Wampler et al. 2025; preprint: https://doi.org/10.22541/essoar.174438106.63564767/v1). This study used the Soil and Water Assessment Tool (SWAT), a processed based model to explore the impacts of area burned and burn severity on streamflow, nitrate, and dissolved organic carbon (DOC) in two test basins: a semi-arid, mixed land use basin and a humid, primarily forested basin. We developed 1800 wildfire scenarios that we ran in each basin: 20 different burn extents (5 to 100% by 5%), 3 different burn severities (low, moderate, and high), and 30 different post-fire precipitation scenarios. We also ran an additional 30 scenarios associated with no wildfire for the 30 post-fire precipitation scenarios. For each scenario we were interested in the change in runoff ratio (streamflow) and average concentration and annual loads (nitrate and DOC) across the wildfire scenarios. This data package contains the data and scripts required to build SWAT models for the two test basins, create and run the wildfire scenarios, and generate the data summaries and figures used in the associated manuscript. This data package was originally published in March 2025. It was updated in January 2026 (v2; new and modified files) to include the final files after the manuscript went through reviews. See the change history section below for more details. For details on how to navigate data packages generated by this project, see https://data.ess-dive.lbl.gov/portals/PNNLRiverCorridorSFA/About.",A5016670368,TRUE,,,,TRUE
https://openalex.org/W4409293496,Widespread Black Carbon Deposition of Varied Origin Exported From Glaciers,https://doi.org/10.1029/2024gb008359,2025,article,Amy D. Holt; Riley Barton; Sasha Wagner; Amy M. McKenna; Jason B. Fellman; Eran Hood; Tom J. Battin; Hannes Peter; Vanishing Glaciers Field Team; Robert G. M. Spencer,Glacier; Deposition (geology); Carbon fibers; Geology; Carbon black; Environmental science; Oceanography; Physical geography; Geography; Geomorphology; Chemistry; Sediment; Materials science,"Atmospheric deposition delivers carbon to glacier surfaces, including from fossil fuel and biomass combustion. Nonetheless, spatial variation in the sources of organic and black carbon deposited on glaciers is poorly understood, along with their role in driving glacier outflow dissolved organic matter (DOM) composition and fate. Here, we used bulk and compound‐specific carbon isotopic analyses to constrain the sources of dissolved organic carbon (DOC) and dissolved black carbon (DBC) in 10 glacier outflows across four regions. To understand the relationships between glacier DOM composition and sources of DOC and DBC, isotopic data were used in conjunction with ultrahigh resolution molecular‐level analyses. Globally, a substantial yet variable component of DOC was sourced from anthropogenic aerosols (12%–91%; median 50%), influencing regional DOM composition (aliphatics 26.9%–58.4% relative abundance; RA). Relatively older radiocarbon ages (i.e., larger fossil‐derived component) of glacier DOC were correlated with more 13 C depleted DOC and DBC signatures, where DOM had higher aromaticity, elevated RA of condensed aromatics, and a lower RA of aliphatic compounds. This study highlights that anthropogenic deposition is pervasive, but its extent varies spatially with ramifications for DOM composition, and thus reactivity and fate.",A5010802871,FALSE,,,,FALSE
https://openalex.org/W4414586702,"Changes in Pyrogenic Tracers Over the Last 15,000 Years in the Congo River Catchment Through Multi‐Method Analysis",https://doi.org/10.1029/2025jg008772,2025,article,Samuel Katz; Helena Osterholz; Riley Barton; Ellen R. M. Druffel; Xiaodong Gao; Caroline A. Masiello; Cristina Santín; Tassiana Soares Gonçalves Serafim; Sasha Wagner; Matthias Zabel; Rainer Lohmann,Total organic carbon; Deposition (geology); Organic matter; Vegetation (pathology); Carbon fibers; Drainage basin; Sediment; Sedimentation; Carbon cycle,"Black carbon (BC), the most recalcitrant part of the pyrogenic carbon continuum, is formed by the incomplete combustion of biomass and fossil fuels. Methods for detecting BC include the chemical degradation of condensed aromatic compounds into benzenepolycarboxylic acids (BPCA), chemothermal oxidation of organic carbon at 375°C (CTO), 13 C nuclear magnetic resonance combined with a molecular mixing model, thermogravimetry‐differential scanning calorimetry, and the use of polycyclic aromatic hydrocarbons as tracers. However, there is limited knowledge about the comparability of these methods in marine sediments and their suitability as wildfire proxies. Here, we examined a sediment core from the Congo River outflow using a multi‐methodological approach with environmental data and proxies to assess pyrogenic tracers from the Congo River basin over the last 15,000 years and determine commonalities between the methods. Despite differing analytical windows, both dry‐weight and total organic carbon concentrations, and δ 13 C values for most methods showed a congruous trend. Higher BC concentrations and higher δ 13 C values were present during arid periods and lower during humid periods, reflecting changes in vegetation and terrestrial organic matter inputs. For all methods, the sedimentation flux identified significant variations in BC deposition only in the last 1,000 years BP due to anthropogenic land use changes. These findings deepen our understanding of BC in the global carbon cycle and show that BC proxies can reveal distinct transport pathways, with CTO‐BC representing atmospheric deposition and BPCA‐BC and NMR‐BC indicating fluvial inputs to coastal margins, aiding in the reconstruction of past climates and landscapes.",A5037489215,FALSE,,,,FALSE
https://openalex.org/W4412733313,Distinct Streamflow and Nutrient Export Dynamics in Wildfire‐Impacted Nonperennial Streams in Central Coastal California,https://doi.org/10.1029/2024jg008553,2025,article,Lauren Giggy; Riley Barton; Sasha Wagner; Margaret Zimmer,STREAMS; Streamflow; Nutrient; Environmental science; Hydrology (agriculture); Oceanography; Geography; Geology; Ecology; Biology; Drainage basin; Cartography,"Wildfires impact water quality by altering nutrient supply and hydrology with changes often perceptible during the first major storm events. However, many factors influence water quality, including wildfire characteristics, weather patterns, and watershed properties. Such factors create challenges for predicting and mitigating water quality, highlighting the ongoing need for work across diverse hydroclimatic settings. The Santa Clara Unit Lightning Complex (SCU) Fire impacted two adjacent headwater catchments in central coastal California. Previous work showed that despite similar biophysical characteristics, the two catchments are hydrologically distinct with one catchment displaying flashier streamflow and higher dissolved organic carbon (DOC) concentrations likely driven by distinct bedrock. Although prefire data are not available, here we expand on this work with detailed observations of total dissolved nitrogen, phosphate (PO43−), and DOC concentrations and loads, over the first two years following the wildfire. We observed 2–13 times higher annual solute export from the catchment with flashier streamflow behavior. We hypothesize that elevated solute export occurred due to shallow hydrologic flow paths dominating runoff generation regardless of surface‐level alterations from the wildfire. Additionally, we did not observe the highest solute concentrations during the first major storms following the wildfire. Instead, solute concentrations peaked during high‐intensity rainfall in year two. This work showcases the importance of the hydrogeologic setting and hydrologic routing on solute export. Additionally, these results highlight challenges in predicting water quality responses in disturbed catchments and teasing apart the role of wildfire, ongoing drought, and high‐intensity precipitation in semiarid climates.",A5078828752,FALSE,,,,FALSE
https://openalex.org/W4410717257,Treatment of burned soil leachates by ultrafiltration coupled with coagulation: Insights into membrane fouling,https://doi.org/10.1016/j.wroa.2025.100357,2025,article,Sohail Farooq; Ryan P. Cole; Yuanchun Cao; Madelyn L. Krebs; Amanda K. Hohner; Kevin D. Bladon; Xue Jin,Ultrafiltration (renal); Fouling; Leachate; Coagulation; Membrane fouling; Membrane; Environmental science; Chemistry; Environmental chemistry; Chromatography; Medicine; Internal medicine; Biochemistry,"This study evaluated the treatability of water leachates from wildfire-impacted soils using a coagulation-ultrafiltration process, aiming to better understand how post-fire changes affect membrane fouling in drinking water treatment. Soil samples were collected from one high burn severity and one low burn-severity site following the Cedar Creek Fire in Oregon, USA. The leachate from the one high severity site exhibited lower pH, turbidity, and dissolved organic carbon, and its dissolved organic matter (DOM) consisted of less aromatic compounds compared to the low-severity leachate. Filtration experiments revealed that, without pre-coagulation, the high-severity leachate caused less membrane fouling than the leachate from the low-severity sample. Pre-coagulation with aluminum chlorohydrate reduced fouling in both cases, though optimal dosages differed. For the low-severity leachate, a 30 mg/L dose improved DOM removal and minimized irreversible fouling, while for the high-severity leachate, effective control was observed at dosages up to 7.5 mg/L, with higher doses (30 mg/L) worsening fouling, potentially via metal-DOM complexes. While our controlled laboratory experiments provide valuable insights, we acknowledge that our lab experiments do not fully replicate field conditions. However, the unique characteristics of the leachate from our burned soil samples, indicate the need for further research to capture the complexities of post-wildfire water quality dynamics and refine treatment strategies for wildfire-impacted watersheds.",NA,FALSE,,,,TRUE
https://openalex.org/W4410741798,"Stream and soil nitrogen response to overlapping forest disturbance: The impact of harvesting, wildfire, and post-fire management on a western Oregon, USA watershed",https://doi.org/10.1016/j.foreco.2025.122787,2025,article,Katherine E. McCredie; Kevin D. Bladon; Thomas H. DeLuca,Disturbance (geology); Environmental science; Watershed; Forest management; Fire ecology; Fire protection; Ecology; Agroforestry; Forestry; Hydrology (agriculture); Geography; Ecosystem; Geology; Biology,"To understand the magnitude of effects from forest disturbance in watersheds—and their impacts on ecosystems and communities—it is essential to integrate field measurements within aquatic and terrestrial environments. We leveraged 13 years of empirical data across a stream network in the Hinkle Creek Experimental Watershed (1941 ha) located on an intensively managed Douglas-fir ( Pseudotsuga menziesii) plantation in western Oregon, USA, which was ∼98 % burned by wildfire in 2020. We investigated the impact of overlapping disturbance (forest harvesting, wildfire, and post-fire land management) on stream water nitrate (NO 3 - -N) and the potential linkage between post-fire riparian mineral soils and in-stream water quality. There was no impact of time since fire on soil NO 3 - -N, a decrease in ammonium (NH 4 + -N), an increase in potentially mineralizable N, and no clear contribution of these post-fire soil concentrations to streams. We observed no change in stream water NO 3 - -N concentrations after forest harvesting and average concentrations ranged from 0.05 to 0.26 mg L - 1 . After wildfire and post-fire management, average concentrations ranged from 0.22 to 1.12 mg L- 1 . Contrary to other studies, there was a negative relationship ( r 2 = 0.84, p < 0.001) between concentrations and high soil burn severity. While we observed higher concentrations in the catchment that experienced more salvage logging , better spatial and temporal information on forest operations from land managers is needed to help disentangle disturbance periods. Additionally, simultaneous in-situ measurements of streams and soils could help illuminate biogeochemical connections to identify the source, magnitude, and legacy of disturbance impacts.",A5117701216,TRUE,,,,TRUE
https://openalex.org/W4406027488,"Linking Fire, Food Webs, and Fish in Stream Ecosystems",https://doi.org/10.1007/s10021-024-00955-4,2025,article,David A. Roon; J. Ryan Bellmore; Joseph R. Benjamin; François‐Nicolas Robinne; Rebecca Flitcroft; Jana E. Compton; Joseph L. Ebersole; Jason B. Dunham; Kevin D. Bladon,Periphyton; Environmental science; Food web; Ecosystem; Riparian zone; Trophic level; Biomass (ecology); Ecology; Aquatic ecosystem; Lake ecosystem; Biology; Habitat,"As wildfire regimes shift, resource managers are concerned about potential threats to aquatic ecosystems and the species they support, especially fishes. However, predicting fish responses can be challenging because wildfires affect aquatic ecosystems via multiple pathways. Application of whole-ecosystem approaches, such as food web modeling, can act as heuristic tools that offer valuable insights that account for these different mechanisms. We applied a dynamic food web simulation model that mechanistically linked stream trophic dynamics to the myriad effects that wildfires can have on aquatic and riparian ecosystems at a local stream reach-scale. We simulated how wildfires of different severity may influence short- (months to years) and long-term (years to decades) periphyton, aquatic invertebrate, and fish biomass dynamics in forested headwater streams of the western Pacific Northwest (USA). In many cases, wildfire increased modeled periphyton, invertebrate, and fish biomass over both short- and long-time periods. However, modeled responses varied extensively in their direction (that is, positive or negative), magnitude, and duration depending on fire severity, time since fire, and trophic level. The shapes of these response trajectories were especially sensitive to predicted wildfire effects on water temperature, canopy cover, riparian shading, and instream turbidity. Model simulations suggest a single fire could result in a wide range of aquatic ecosystem responses, especially in watersheds with mixed burn severity. Our analysis highlights the utility of whole-ecosystem approaches, like food web modeling, as heuristic tools for improving our understanding of the mechanisms linking fire, food webs, and fish and for identifying contexts where fires could have deleterious impacts on fishes. Supplementary Information: The online version contains supplementary material available at 10.1007/s10021-024-00955-4.",A5027265887,TRUE,,,,TRUE
https://openalex.org/W4414098472,"Burn severity and vegetation type control phosphorus concentration, molecular composition, and mobilization",https://doi.org/10.5194/bg-22-4491-2025,2025,article,Morgan Barnes; Alan Roebuck; Samantha Grieger; Paul Aronstein; Vanessa Garayburu‐Caruso; Kathleen Munson; Robert Young; Kevin D. Bladon; John D. Bailey; Emily Graham; Lupita Renteria; Peggy A. O’Day; Tim Scheibe; Allison Myers‐Pigg,Particulates; Mobilization; Phosphorus; Char; Leaching (pedology); Vegetation (pathology); Aqueous solution; Cycling,"Shifting phosphorus (P) dynamics after wildfires can have cascading impacts from terrestrial to aquatic environments. However, it is unclear whether shifts in P composition or P concentration are responsible for changes in P dynamics post-fire. We used laboratory leaching experiments of Douglas fir forest and sagebrush shrubland chars to examine how the potential mobility of P compounds is influenced by different burn severities. Burning produced a 6.9- and 29-fold increase in particulate P mobilization but a 3.8- and 30.5-fold decrease in aqueous P released for Douglas fir forest and sagebrush shrubland, respectively. The mechanisms driving particulate- and dissolved-phase P compound mobilization were contrasting. Phosphorus compound mobilization in the particulate phase was controlled by solid char total P concentrations, while the aqueous phase was driven by solubility changes of molecular species. Nuclear magnetic resonance (NMR) and X-ray absorption near-edge structure (XANES) on the solid chars indicated that organic orthophosphate monoester and diester species were thermally mineralized to inorganic P moieties with burning in both vegetation types, which decreases P solubility. This coincided with the production of calcium- and magnesium-bound inorganic P compounds. With increasing burn severity there were systematic shifts in P concentration and composition – higher-severity chars mobilized P compounds in the particulate phase, although the magnitude of change was vegetation-specific. Our results indicate a post-fire transformation to both the composition of the solid charred material and how P compounds are mobilized, which may influence its environmental cycling and fate.",A5030174951,FALSE,,,,TRUE
https://openalex.org/W4412096720,Evaluating Watershed Response Using WEPPcloud — EU for Wildfire Burned Areas in Portugal,https://doi.org/10.1002/hyp.70182,2025,article,Marta Basso; Erin Brooks; Anurag Srivastava; Jan Jacob Keizer; Peter R. Robichaud,Watershed; Computer science,"WEPPcloud—European Union (EU) is an online interface of the Water Erosion Prediction Project (WEPP) model designed to predict streamflow and sediments in European forested watersheds. Although designed to be run in any location in Europe, its performance has not yet been evaluated against observed data. This study evaluates WEPPcloud—EU's performance in simulating streamflow and suspended sediment yield for two burned catchments, Ermida and Serra de Cima, in continental Portugal during the first year after the fire. The default parameters significantly underestimated streamflow and suspended sediment yield at the outlet of both catchments, suggesting the need for catchment‐specific parameterization. Selected model input parameters (bulk density, sand, clay, organic matter and rock content) were changed based on existing information on local conditions at the beginning of an autocalibration procedure. This combined re‐parameterization and autocalibration procedure (based on saturated hydraulic conductivity, anisotropy and baseflow coefficient) improved the performance of WEPPcloud—EU model, yielding satisfactory results for both streamflow and suspended sediment yield for both catchments. The autocalibration improved model accuracy, with predicted average streamflow from the default 3.3 to 6.3 mm day −1 (observed 6.9 mm day −1 ) and suspended sediment yield from 0.5 to 8.2 kg ha −1 day −1 (observed 11.7 kg ha −1 day −1 ) in the Ermida catchment. In Serra de Cima, predicted average streamflow improved from 1.8 to 1.9 mm day −1 (observed 1.8 mm day −1 ) and suspended sediment yield from 1.4 to 35.4 kg ha −1 day −1 (observed 28.5 kg ha −1 day −1 ). This study demonstrated WEPPcloud—EU potential as a decision‐support tool for post‐fire emergency stabilization in catchments in Europe. Future studies in different eco‐regions in Europe are needed for a broader assessment of the model's potential, including for emergency stabilization scenarios and with an emphasis on the importance of existing local information for achieving satisfactory predictions.",A5001663514,TRUE,,,,FALSE
https://openalex.org/W4410505042,Effects of Riparian Forest Thinning on Resident Salmonid Fishes in Coastal Northern California Catchments,https://doi.org/10.1111/fwb.70040,2025,article,David A. Roon; Jason B. Dunham; Joseph R. Benjamin; Bret C. Harvey; J. Ryan Bellmore,Trout; Riparian zone; Oncorhynchus; Thinning; Environmental science; Biomass (ecology); Bioenergetics; Ecology; Habitat; Riparian forest; Salmonidae; Predation; Fishery; Biology; Fish <Actinopterygii>; Rainbow trout,"Resource managers are interested in whether thinning second‐growth forests may be a viable restoration strategy for stream and riparian habitats, but may be concerned about the potential impacts that increases in stream temperature associated with riparian thinning treatments may have on cold‐water salmonid fishes. We evaluated the effects of riparian forest thinning on resident populations of coastal cutthroat trout (Oncorhynchus clarkii clarkii) in coastal northern California catchments using a manipulative field experiment with a replicated before‐after‐control‐impact design (pre‐treatment data collected in 2016, thinning treatments occurred in 2017, and post‐treatment data collected in 2018). Experimental thinning treatments reduced riparian shade by 20%–30% along five 150–200 m stream reaches. To provide a process‐based evaluation of the implications of riparian thinning for coastal cutthroat trout, we combined seasonal observations of trout density, biomass, and growth with bioenergetics modelling. Cutthroat trout density increased by 8%–31% and biomass increased by 27%–111% in thinned reaches 1 year post‐treatment, but responses varied widely across sites and seasons so did not always differ statistically. Growth rates of cutthroat trout varied more among seasons than among reach types (upstream reference, thinned, and downstream), peaking in spring and overwinter relative to summer. Bioenergetics modelling indicated that cutthroat trout responded to thinning‐induced increases in stream temperature and shifts in prey energy density via higher consumption rates (i.e., fish fed more frequently) in thinned reaches. Additionally, reach‐scale consumption estimates indicated that the energy intake of cutthroat trout increased at the population level in thinned reaches. However, thinned reaches exhibited relatively small changes in consumption, suggesting that riparian thinning was unlikely to enhance growth opportunities for cutthroat trout, supporting our empirical growth observations. Collectively, our field experiment suggests that salmonid fishes may be resilient to thinning second‐growth riparian forests when treatments do not substantially increase water temperatures. Moreover, our results highlight that pairing empirical data with bioenergetics modelling can provide valuable insights into the mechanisms driving fish responses to riparian forest restoration.",A5027265887,TRUE,,,,TRUE
https://openalex.org/W4410540961,Implications of forest insect pest outbreaks for riparian–stream ecosystems,https://doi.org/10.1086/736778,2025,article,Courtney E. Larson; Kelsey J. Solomon; Sergio A. Sabat-Bonilla; David A. Roon,Riparian zone; Insect pest; Agroforestry; Ecosystem; PEST analysis; Ecology; Environmental science; Riparian forest; Outbreak; Geography; Biology; Habitat; Agronomy,NA,A5073321004,FALSE,,,,FALSE
https://openalex.org/W4409963128,The science and management of riparian–stream connections in temperate forests facing insect pest outbreaks,https://doi.org/10.1086/736461,2025,article,Courtney L. Larson; Kelsey J. Solomon; Sergio A. Sabat-Bonilla; David A. Roon; Noah Pinsonnault; Angela L. Larsen‐Gray,Riparian zone; Temperate rainforest; Temperate climate; Ecology; Insect pest; Agroforestry; Riparian forest; Outbreak; PEST analysis; Geography; Environmental science; Temperate forest; Integrated pest management; Biology; Ecosystem; Habitat; Agronomy,NA,A5085204025,FALSE,,,,FALSE
https://openalex.org/W4400245230,The influence of burn severity on dissolved organic carbon concentrations across a stream network differs based on seasonal wetness conditions,https://doi.org/10.5194/bg-21-3093-2024,2024,article,Katie A. Wampler; Kevin D. Bladon; Allison Myers‐Pigg,Dissolved organic carbon; Environmental science; STREAMS; Hydrology (agriculture); Carbon cycle; Drainage basin; Ecosystem; Aquatic ecosystem; Total organic carbon; Cycling; Ecology; Environmental chemistry; Geology; Chemistry; Geography,"Large, high-severity wildfires in many regions across the globe have increased concerns about their impacts on carbon cycling in watersheds. Altered sources of carbon and changes in catchment hydrology after wildfire can lead to shifts in dissolved organic carbon (DOC) concentrations in streams, which can have negative impacts on aquatic ecosystem health and downstream drinking-water treatment. Despite its importance, post-fire DOC responses remain relatively unconstrained in the literature, and we lack critical knowledge of how burn severity, landscape elements, and climate interact to affect DOC concentrations. To improve our understanding of the impact of burn severity on DOC concentrations, we measured DOC at 129 sites across a stream network extending upstream, within, and downstream of a large, high-severity wildfire in Oregon, USA. We collected samples across the study sub-basin during four distinct seasonal wetness conditions. We used our high-spatial-resolution data to develop spatial stream network (SSN) models to predict DOC across the stream network and to improve our understanding of the controls on DOC concentrations. Spatially, we found no obvious wildfire signal – instead, we observed a pattern of increasing DOC concentrations from the high-elevation headwaters to the sub-basin outlet, while the mainstem maintained consistently low DOC concentrations. This suggests that effects from large wildfires may be “averaged” out at higher stream orders and larger spatial scales. When we grouped DOC concentrations by burn severity group, we observed a significant decrease in the variability of DOC concentrations in the moderate and high burn severity sub-catchments. However, our SSN models were able to predict decreases in DOC concentrations with increases in burn severity across the stream network. Decreases in DOC concentrations were also highly variable across seasonal wetness conditions, with the greatest (−1.40 to −1.64 mg L −1 ) decrease occurring in the high-severity group during the wetting season. Additionally, our models indicated that in all seasons, baseflow index was more influential in predicting DOC concentrations than burn severity was, indicating that groundwater discharge can obscure the impacts of wildfire in a stream network. Overall, our results suggested that landscape characteristics can regulate the DOC response to wildfire. Moreover, our results also indicated that the seasonal timing of sampling can influence the observed response of DOC concentrations to wildfire.",A5016670368,TRUE,,,,TRUE
https://openalex.org/W4405387122,Organic Matter Concentration and Composition in November 2021 and April 2022 from 12 Streams Impacted by the 2020 Holiday Farm Fire (v2),https://doi.org/10.15485/2478546,2024,dataset,"Katie A. Wampler; Noelani R. Boise; Cavaiani, Jake; David Donahue; Lisa Erkert; Brieanne Forbes; Susan Fricke; Samantha Grieger; Beck Powers-McCormack; Karl Morgenstern; Mitchell Regelson; Alan Roebuck; Allison Myers‐Pigg",STREAMS; Composition (language); Organic matter; Environmental science; Geography; Ecology; Art; Biology; Computer science,"This dataset represents results from a field study aiming to understand storm induced transport of pyrogenic materials to streams impacted by varying degrees of burn severity. Time series samples were collected at 5 sites within the McKenzie River Watershed (Oregon, USA) whose catchment were each completely engulfed by the 2020 Holiday Farm Fire. An additional 7 sites were sampled once during the storm. The samples were collected during storm events in November 2020, January 2021, November 2021, and April 2022. Samples were characterized for benezenepolycarboxylic acids (BPCA), ultra-high resolution mass spectrometry, dissolved organic carbon and optics (absorbance and fluorescence). Fourier-transform ion cyclotron resonance mass spectrometry (FTICR) and dissolved organic carbon data from the November 2020 (referred to as “EWEB_2020”) sampling can be found in a separate data package (doi: 10.15485/1869708). NOTE: The 2020 samples were run on FTICR-MS in two unique instances. The first run can be found in the previous data package (EWEB_2020). The second run is included in this data package. These samples were run for a second time so that the data were more directly interoperable with the other samples in this data package. We have not done any investigation into the differences/similarities between these datasets and the previously ran/published data in the other data package. This data package was originally published in November 2024. It was updated in April 2025 (v2; new and modified files). See the change history section below for more details. For details on how to navigate data packages generated by this project, see https://data.ess-dive.lbl.gov/portals/PNNLRiverCorridorSFA/About. This dataset contains (1) file-level metadata; (2) data dictionary; (3) data package readme; (4) metadata; (5) methods information; (6) dissolved organic carbon (DOC, measured as non-purgeable organic carbon, NPOC) data; (7) excitation emission matrix (EEM) methods; and (8) a sub-folder with processed EEM data (9) benzene polycarboxylic acid (BPCA) concentration data; (10) Fourier transform ion cyclotron resonance mass spectrometry (FTICR-MS) methods; and (11) folder of high-resolution characterization of organic matter via 12 Tesla FTICR-MS generated through the Environmental Molecular Sciences Laboratory (EMSL; https://www.pnnl.gov/environmental-molecular-sciences-laboratory). The EEMs sub-folder contains two additional folders; the Absorbance and Fluorescence folders which contain the processed EEMs absorbance and fluorescence data respectively. This package contains the following file types: csv, xml, pdf.",A5016670368,TRUE,,,,TRUE
https://openalex.org/W4400259512,"Hydrologic responses to wildfires in western Oregon, USA",https://doi.org/10.1016/j.jhydrol.2024.131612,2024,article,Hyunwoo Kang; Ryan P. Cole; Lorrayne Miralha; Jana E. Compton; Kevin D. Bladon,Climatology; Physical geography; Geology; Environmental science; Hydrology (agriculture); Geography; Geotechnical engineering,NA,A5101721232,TRUE,,,,TRUE
https://openalex.org/W4401150179,Stream chemical response is mediated by hydrologic connectivity and fire severity in a Pacific Northwest forest,https://doi.org/10.1002/hyp.15231,2024,article,Sidney Bush; Sherri L. Johnson; Kevin D. Bladon; Pamela Sullivan,Baseflow; Environmental science; Streamflow; STREAMS; Hydrology (agriculture); Biogeochemical cycle; Water quality; Precipitation; Watershed; Ecosystem; Climate change; Ecology; Drainage basin; Geology; Geography; Meteorology,"Large‐scale wildfires are becoming increasingly common in the wet forests of the Pacific Northwest (USA), with predicted increases in fire prevalence under future climate scenarios. Wildfires can alter streamflow response to precipitation and mobilize water quality constituents, which pose a risk to aquatic ecosystems and downstream drinking water treatment. Research often focuses on the impacts of high‐severity wildfires, with stream biogeochemical responses to low‐ and mixed‐severity fires often understudied, particularly during seasonal shifts in hydrologic connectivity between hillslopes and streams. We studied the impacts of the 2020 Holiday Farm Fire at the HJ Andrews Experimental Forest where rare pre‐fire stream discharge and chemistry data allowed us to evaluate the influence of mixed‐severity fire on stream water quantity and quality. Our research design focused on two well‐studied watersheds with low and low‐moderate burn severity where we examined long‐term data (pre‐ and post‐fire), and instantaneous grab samples collected during four rain events occurring immediately following wildfire and a prolonged dry summer. We analysed the impact of these rain events, which represent the transition from low‐to‐high hydrologic connectivity of the subsurface to the stream, on stream discharge and chemistry behaviour. Long‐term data revealed total annual flows and mean flows remained fairly consistent post‐fire, while small increases in baseflow were observed in the low‐moderately burned watershed. Stream water concentrations of nitrate, phosphate and sulfate significantly increased following fire, with variance in concentration increasing with fire severity. Our end member mixing models suggested that during rain events, the watershed with low‐moderate severity fire had greater streamflow inputs from soil water and groundwater during times of low connectivity compared to the watershed with low severity fire. Finally, differences in fire severity impacts on concentration‐discharge relationships of biogenic solutes were most expressed under low catchment connectivity conditions. Our study provides insights into post‐wildfire impacts to stream water quality, with the goal of informing future research on stream chemistry responses to low, moderate and mixed severity wildfire.",A5032032098,FALSE,,,,TRUE
https://openalex.org/W4405390933,"Molecular shifts in dissolved organic matter along a burn severity continuum for common land cover types in the Pacific Northwest, USA",https://doi.org/10.1016/j.scitotenv.2024.178040,2024,article,Alan Roebuck; Samantha Grieger; Morgan Barnes; Xia Gillespie; Kevin D. Bladon; John D. Bailey; Emily Graham; Rosalie Chu; William Kew; Tim Scheibe; Allison Myers‐Pigg,Dissolved organic carbon; Environmental science; Biogeochemical cycle; Land cover; Vegetation (pathology); Environmental chemistry; Atmospheric sciences; Ecology; Land use; Chemistry; Geology,"Increasing wildfire severity is of growing concern in the western United States, with consequences for the production, composition, and mobilization of dissolved organic matter (DOM) from terrestrial to aquatic systems. Our current understanding of wildfire impacted DOM (often termed pyrogenic DOM) composition is largely built from temperature-based studies that can be difficult to extrapolate to field conditions, which are often defined by 'burn severity', or the post-wildfire impact observed at a site. Thus, burn severity can encapsulate a broader range of fire and environmental conditions not exclusive to temperature. Biogeochemical studies that describe DOM along burn severity continuums remain limited but are needed to better link DOM composition with field conditions post-fire. In this study, we addressed this need with an experimental open air burn simulation that generated chars from vegetation representative of major land cover types in the western United States. The chars were leached to simulate DOM mobilization potential. The DOM composition was characterized by ultra-high resolution mass spectrometry (HR-MS) and UV/VIS absorbance and fluorescence. Our results indicated that the shifts of DOM production and composition along a burn-severity gradient depends on the land cover type that was burned, with the degree of change dependent on the composition of the starting parent vegetation material. Fluorescence signatures indicated a strong convergence across land cover types to more aromatic DOM with increasing severity, while HR-MS indicated an increase in the production of aromatic nitrogen containing DOM with increasing severity. Results from this study enhance our ability to describe DOM composition in a framework that can be more directly related with field and remote-sensing based metrics.",A5017146197,FALSE,,,,TRUE
https://openalex.org/W4398194508,Experimental Open Air Burning of Vegetation Enhances Organic Matter Chemical Heterogeneity Compared to Laboratory Burns,https://doi.org/10.1021/acs.est.3c10826,2024,article,Allison Myers‐Pigg; Samantha Grieger; Alan Roebuck; Morgan Barnes; Kevin D. Bladon; John D. Bailey; Riley Barton; Rosalie Chu; Emily Graham; Khadijah Homolka; William Kew; Andrew Lipton; Tim Scheibe; Jason Toyoda; Sasha Wagner,Muffle furnace; Organic matter; Environmental science; Environmental chemistry; Combustion; Chemistry; Waste management; Organic chemistry,"Wildfires produce solid residuals that have unique chemical and physical properties compared to unburned materials, which influence their cycling and fate in the natural environment. Visual burn severity assessment is used to evaluate post-fire alterations to the landscape in field-based studies, yet muffle furnace methods are commonly used in laboratory studies to assess molecular scale alterations along a temperature continuum. Here, we examined solid and leachable organic matter characteristics from chars visually characterized as low burn severity that were created either on an open air burn table or from low-temperature muffle furnace burns. We assessed how the different combustion conditions influence solid and dissolved organic matter chemistries and explored the potential influence of these results on the environmental fate and reactivity. Notably, muffle furnace chars produced less leachable carbon and nitrogen than open air chars across land cover types. Organic matter produced from muffle furnace burns was more homogeneous than open air chars. This work highlights chemical heterogeneities that exist within a single burn severity category, potentially influencing our conceptual understanding of pyrogenic organic matter cycling in the natural environment, including transport and processing in watersheds. Therefore, we suggest that open air burn studies are needed to further advance our understanding of pyrogenic organic matter's environmental reactivity and fate.",A5076572080,FALSE,,,,TRUE
https://openalex.org/W4414623058,"Data and scripts associated with: “Burn severity and vegetation type control phosphorus concentration, molecular composition, and mobilization”",https://doi.org/10.15485/2547035,2024,dataset,Morgan Barnes; Paul Aronstein; John D. Bailey; Kevin D. Bladon; Brieanne Forbes; Vanessa Garayburu‐Caruso; Samantha Grieger; Emily Graham; Sophia McKever; Christopher D. Myers; Kathleen M. Munson; Peggy A. O’Day; Beck Powers-McCormack; Lupita Renteria; Alan Roebuck; Tim Scheibe; Robert Young; Allison Myers‐Pigg,Workflow; Metadata; Scripting language; Phosphorus; Vegetation (pathology); Compositional data; Process (computing),"This data package is associated with the publication “Burn severity and vegetation type control phosphorus concentration, molecular composition, and mobilization” published in European Geophysical Union - Biogeosciences (Barnes et al. 2025). This study investigates how phosphorus (P) biogeochemistry is altered by burn severity in contrasting types of vegetation chars. This data package documents the workflow used to process and generate the main figures and statistics in the manuscript. The R scripts reference minimally processed P nuclear magnetic resonance (P-NMR) and X-ray absorption near edge structure (P-XANES) data, as well as fully processed data including total elemental composition of the solid chars, total elemental composition of the char leachates (particulate and aqueous phases), and leachate aqueous phase molybdate reactive P concentration. These source data and associated metadata can be found on ESS-DIVE at https://data.ess-dive.lbl.gov/datasets/doi:10.15485/1894135 (Grieger et al. 2022; v3). Files and scripts included in this data package finish the processing workflow for P-NMR and P-XANES data. These data can be used to gain a better understanding of bulk chemical changes in chars and their leachates, as well as detailed molecular changes to P. This data package is associated with the GitHub repository found at https://github.com/river-corridors-sfa/rcsfa-RC3-BSLE_P. This data package is comprised of a “data” folder and a series of data processing and analysis scripts. Details on how to recreate the workflow can be found in the Critical Details section of the readme and the “workflow_readme.md” file. The file-level metadata file (file ending in “flmd.csv”) lists all files contained in this data package and descriptions for each. The data dictionary (file ending in “dd.csv”) describes all tabular data columns and their respective definitions and units.",A5030174951,FALSE,,,,TRUE
https://openalex.org/W4391987320,Effects of grazing on soil properties in mediterranean forests (Central-Eastern Spain),https://doi.org/10.1016/j.jenvman.2024.120316,2024,article,David Candel‐Pérez; Manuel Esteban Lucas‐Borja; Pedro Antonio Plaza‐Álvarez; María Dolores Carmona Yáñez; Rocío Soria; Raúl Ortega; Isabel Miralles; Lorrayne Miralha; Demetrio Antonio Zema,Grazing; Mediterranean climate; Geography; Environmental science; Forestry; Agroforestry; Environmental protection; Ecology; Archaeology; Biology,NA,A5023481155,FALSE,,,,FALSE
https://openalex.org/W4396231672,Predicting post-fire hydrological and erosive catchment response during rainfall events. A comparison of OpenLISEM and MOHID Land models,https://doi.org/10.1016/j.jhydrol.2024.131258,2024,article,Marta Basso; Jantiene Baartman; Martinho Martins; Jan Jacob Keizer; Diana Vieira,Environmental science; Surface runoff; Flash flood; Hydrology (agriculture); Equifinality; Erosion; Flood myth; Geology; Computer science,"Wildfires are a source of instability for the natural water cycle in forested watersheds, endangering the water quantity and quality reaching downstream water bodies. The faster hydrological response of a burned area leads to increased runoff and transport of sediment and ash particles during and after rainfall events. Therefore, the use of an adequate spatiotemporal resolution in hydrological models is necessary to properly estimate post-fire impacts. Especially when addressing hydrological events such as flash floods and debris flows, which are highly unpredictable and are characterized by short duration and high impact outside the burned area. This study aims to compare the ability of two hydrological models to simulate the hydrological response and sediment transport during the first year after a fire to ultimately understand which one would best serve as a post-fire hydrological predicting tool at event scale. To achieve this goal, OpenLISEM, an event-based hydrological model, and MOHID Land, a continuous model with variable timestep, were compared. Driven by several limitations identified in previous modeling exercises at this scale during the calibration phase, this work performed a parametrization through the variation in boundary conditions characterizing each event. OpenLISEM and MOHID Land models exhibited similar capabilities in simulating runoff during the first post-fire year. However, the larger erosion input parameters required by MOHID Land increase the complexity of erosion prediction and increase equifinality. In addition, MOHID Land limited capacity to perform sensitivity and uncertainty analyses emerged as a major disadvantage, hindering the assessment of the reliability of the model's predictions. Despite its limitations for not integrating subsurface flow and base flow, OpenLISEM is the most suitable model for assessing post-fire impacts on runoff and sediment production at the event scale, because of its ease of implementation and its reduced computational requirements.",A5001663514,TRUE,,,,FALSE
https://openalex.org/W4367322988,"Modeling wildfire effects on streamflow in the Cascade Mountains, Oregon, USA",https://doi.org/10.1016/j.jhydrol.2023.129585,2023,article,Katie A. Wampler; Kevin D. Bladon; Monireh Faramarzi,Streamflow; Environmental science; Hydrology (agriculture); Precipitation; Soil and Water Assessment Tool; Arid; Vegetation (pathology); Surface runoff; Climate change; Drainage basin; Ecology; Geology; Geography; Meteorology,NA,A5016670368,TRUE,,,,TRUE
https://openalex.org/W4385981318,Potential bioavailability of representative pyrogenic organic matter compounds in comparison to natural dissolved organic matter pools,https://doi.org/10.5194/bg-20-3449-2023,2023,article,Emily Graham; Hyun‐Seob Song; Samantha Grieger; Vanessa Garayburu‐Caruso; James Stegen; Kevin D. Bladon; Allison Myers‐Pigg,Bioavailability; Environmental chemistry; Dissolved organic carbon; Organic matter; Biogeochemical cycle; Chemistry; Total organic carbon; Environmental science; Biology,"Abstract. Pyrogenic organic matter (PyOM) from wildfires impacts river corridors globally and is widely regarded as resistant to biological degradation. Though recent work suggests PyOM may be more bioavailable than historically perceived, estimating bioavailability across its chemical spectrum remains elusive. To address this knowledge gap, we assessed potential bioavailability of representative PyOM compounds relative to ubiquitous dissolved organic matter (DOM) with a substrate-explicit model. The range of potential bioavailability of PyOM was greater than natural DOM; however, the predicted thermodynamics, metabolic rates, and carbon use efficiencies (CUEs) overlapped significantly between all OM pools. Compound type (e.g., natural versus PyOM) had approximately 6-fold less impact on predicted respiration rates than simulated carbon and oxygen limitations. Within PyOM, the metabolism of specific chemistries differed strongly between unlimited and oxygen-limited conditions – degradations of anhydrosugars, phenols, and polycyclic aromatic hydrocarbons (PAHs) were more favorable under oxygen limitation than other molecules. Notably, amino sugar-like, protein-like, and lignin-like PyOM had lower carbon use efficiencies relative to natural DOM of the same classes, indicating potential impacts in process-based model representations. Overall, our work illustrates how similar PyOM bioavailability may be to that of natural DOM in the river corridor, furthering our understanding of how PyOM may influence riverine biogeochemical cycling.",A5022100426,FALSE,,,,TRUE
https://openalex.org/W4388488782,Impact of rainfall and vapor pressure deficit on latewood growth and water stress in Douglas-fir in a Mediterranean climate,https://doi.org/10.1016/j.foreco.2023.121529,2023,article,Karla M. Jarecke; Kevin D. Bladon; Frederick C. Meinzer; Steven M. Wondzell,Vapour Pressure Deficit; δ13C; Environmental science; Atmospheric sciences; Basal area; Mediterranean climate; Precipitation; Climatology; Photosynthesis; Transpiration; Ecology; Stable isotope ratio; Biology; Botany; Meteorology; Geography; Geology,NA,A5078793960,TRUE,,,,TRUE
https://openalex.org/W4388922931,"Stream temperature responses to forest harvesting with different riparian buffer prescriptions in northern California, USA",https://doi.org/10.1016/j.foreco.2023.121581,2023,article,Lorrayne Miralha; Catalina Segura; Kevin D. Bladon,Riparian zone; Environmental science; Riparian buffer; Canopy; Riparian forest; Hydrology (agriculture); STREAMS; Basal area; Buffer strip; Tree canopy; Ecosystem; Water quality; Habitat; Ecology; Biology; Geology,NA,A5065132278,TRUE,,,,TRUE
https://openalex.org/W4385575493,Consequences of spatial structure in soil–geomorphic data on the results of machine learning models,https://doi.org/10.1080/10106049.2023.2245381,2023,article,Daehyun Kim; Insang Song; Lorrayne Miralha; Daniel R. Hirmas; Ryan W. McEwan; Tom Mueller; Pavel Šamonil,Random forest; Spatial analysis; Autocorrelation; Support vector machine; Statistics; Regression; Ordinary least squares; Regression analysis; Artificial neural network; Spatial variability; Mathematics; Computer science; Artificial intelligence; Machine learning,"In this paper, we examined the degree to which inherent spatial structure in soil properties influences the outcomes of machine learning (ML) approaches to predicting soil spatial variability. We compared the performances of four ML algorithms (support vector machine, artificial neural network, random forest, and random forest for spatial data) against two non-ML algorithms (ordinary least squares regression and spatial filtering regression). None of the ML algorithms produced residuals that had lower mean values or were less autocorrelated over space compared with the non-ML approaches. We recommend the use of random forest when a soil variable of interest is weakly autocorrelated (Moran’s I < 0.1) and spatial filtering regression when it is relatively strongly autocorrelated (Moran’s I > 0.4). Overall, this work opens the door to a more consistent selection of model algorithms through the establishment of threshold criteria for spatial autocorrelation of input variables.",A5100374566,FALSE,,,,FALSE
https://openalex.org/W4385575429,"Quantifying impacts of forest fire on soil carbon in a young, intensively managed tree farm in the western Oregon Cascades",https://doi.org/10.1002/saj2.20582,2023,article,Katherine D. McCool; Scott M. Holub; Si Gao; Brett A. Morrissette; Jessica E. Blunn; Adrian C. Gallo; J. A. Hatten,Environmental science; Soil carbon; Forest floor; Soil water; Carbon stock; Forestry; Agronomy; Agroforestry; Stock (firearms); Soil science; Ecology; Geography; Climate change; Biology,"Forest soils of the Pacific Northwest contain immense amounts of carbon (C). Increasing acreage burned by severe wildfire in the western Oregon Cascades threatens belowground C stocks. The objective of this research was to quantify the changes in soil C stocks, nitrogen (N) stocks, and relevant chemical and physical parameters after a severe wildfire in a young, intensively managed Pseudotsuga menziesii (Douglas‐fir) tree farm in the western Oregon Cascades. This longitudinal study was originally established to detect soil C changes after a harvest; therefore, it offers insight into long‐term soil C dynamics after compounding disturbances. Forest floor and 0–30 cm depth soil samples were collected for comparison before and after the fire and were then split into size fractions to assess the fire's effect on different grain sizes and forest floor compositions. Overall, soil C was approximately 40 Mg C ha −1 lower after the fire, equivalent to approximately 30% of soil C stocks. Of these decreases, two‐thirds were in the forest floor and one‐third were in the mineral soil. C stock losses were driven by changes in mass in every composite level. C concentration was unchanged in most levels while N concentration increased in certain levels. Losses extended further belowground than most previously studied soil C decreases from severe wildfire. The effects of wildfire on soil C stocks in industrial tree farms should be further explored to determine long‐term trajectories of soil C and N.",A5092596752,TRUE,,,,TRUE
https://openalex.org/W4292329937,Spatiotemporal Controls on the Delivery of Dissolved Organic Matter to Streams Following a Wildfire,https://doi.org/10.1029/2022gl099535,2022,article,Jesse Alan Roebuck; Kevin D. Bladon; David Donahue; Emily Graham; Samantha Grieger; Karl Morgenstern; Matthew J. Norwood; Katie A. Wampler; Lisa Erkert; Lupita Renteria; Robert Danczak; Susan Fricke; Allison Myers‐Pigg,STREAMS; Dissolved organic carbon; Environmental science; Biogeochemistry; Organic matter; Ecosystem; Water quality; Hydrology (agriculture); Storm; Nutrient; Ecology; Oceanography; Geology; Biology,"Warmer and drier climate has contributed to increased occurrence of large, high severity wildfires in the Pacific Northwest, drawing concerns for water quality and ecosystem recovery. While nutrient fluxes generally increase post‐fire, the composition of organic matter (OM) transported to streams immediately following a fire is poorly constrained, yet can play an integral role in downstream water quality and biogeochemistry. Here, we quantified the spatiotemporal patterns of dissolved OM (DOM) chemistry for five streams burned by wildfires in Oregon, USA in 2020. We sampled over a 24 hr storm event 1 month after the fire revealing DOM dynamics were temporally variable, but spatially linked with burn severity. Specifically, nitrogen and aromatic character of DOM increased in streams burned at greater severity. Our results suggest spatially distinct gradients of burn severity impact DOM dynamics immediately following fire activity and highlight a key gap in our knowledge of post‐fire DOM transport to streams.",NA,FALSE,,,,TRUE
https://openalex.org/W4286842747,"FTICR-MS, Sensor, and Environmental Data from 5 Streams Impacted by the 2020 Holiday Farm Fire Associated with: ""Spatiotemporal controls on the delivery of dissolved organic matter to streams following a wildfire""",https://doi.org/10.15485/1869708,2022,dataset,Alan Roebuck; Kevin D. Bladon; David Donahue; Emily Graham; Samantha Grieger; Karl Morgenstern; Matthew J. Norwood; Katie A. Wampler; Lisa Erkert; Lupita Renteria; Robert Danczak; Susan Fricke; Allison Myers‐Pigg,STREAMS; Organic matter; Dissolved organic carbon; Environmental science; Environmental chemistry; Chemistry; Computer science,"This data package is associated with the publication ""Spatiotemporal Controls on the Delivery of Dissolved Organic Matter to Streams Following a Wildfire"" submitted to Geophysical Research Letters (Roebuck et al., 2022). The study aims to understand storm induced transport of pyrogenic materials to streams impacted by varying degrees of burn severity. Time series samples (24 samples in 1-hour intervals) were collected at 5 sites within the McKenzie River Watershed (Oregon, USA) whose catchment were each completely engulfed by the 2020 Holiday Farm Fire. The samples were collected in November 2020 during the first major storm pulse following the conclusion of the wildfire. Samples were characterized for dissolved organic carbon, total dissolved nitrogen, and by ultra-high resolution mass spectrometry. In situ turbidity data also collected.This data package contains 4 primary folders that include the following: 1) Metadata, 2) EnvData (Environmental Data), 3) SensorData, and 4) FTICR_SupportingData. The package contains a single file-level metadata (flmd) file. Each primary folder also contains individual data dictionaries (dd) to define and provide descriptors of column/row headers and data flags. The FTICR_SupportingData, folder 4, contains raw, unprocessed FTICR-MS Data files in addition to a csv containing processed FTICR-MS data. This package contains the following file types: csv, xml, pdf.",A5017146197,FALSE,,,,TRUE
https://openalex.org/W4289890963,Reimagine fire science for the anthropocene,https://doi.org/10.1093/pnasnexus/pgac115,2022,article,J. K. Shuman; Jennifer K. Balch; Rebecca T. Barnes; Philip E. Higuera; Christopher I. Roos; Dylan W. Schwilk; E. Natasha Stavros; Tirtha Banerjee; M. M. Bela; Jacob Bendix; Sandro Bertolino; Solomon Bililign; Kevin D. Bladon; Paulo Brando; Robert Breidenthal; Brian Buma; Donna Calhoun; Leila M. V. Carvalho; Megan E. Cattau; Kaelin M. Cawley; Sudeep Chandra; M. L. Chipman; Jeanette Cobian‐Iñiguez; Erin Conlisk; Jonathan D. Coop; Alison C. Cullen; Kimberley T. Davis; Archana Dayalu; Fernando De Sales; Megan Dolman; Lisa M. Ellsworth; Scott B. Franklin; Christopher H. Guiterman; Matthew Hamilton; Erin J. Hanan; Winslow D. Hansen; Stijn Hantson; Brian J. Harvey; Andrés Holz; Tao Huang; Matthew D. Hurteau; Nayani Ilangakoon; Megan K. Jennings; Charles Jones; Anna Klimaszewski‐Patterson; Leda N. Kobziar; John S. Kominoski; Branko Kosović; Meg A. Krawchuk; Paul Laris; Jackson M. Leonard; S. Marcela Loría‐Salazar; Melissa S. Lucash; Hussam Mahmoud; Ellis Q. Margolis; Toby M. Maxwell; J. L. McCarty; David B. McWethy; Rachel S. Meyer; Jessica Miesel; W. Keith Moser; R. Chelsea Nagy; Dev Niyogi; Hannah M. Palmer; Adam F. A. Pellegrini; Benjamin Poulter; Kevin M. Robertson; Adrian V. Rocha; Mojtaba Sadegh; Fernanda Santos; Facundo Scordo; Joe Sexton; A. S. Sharma; Alistair M. S. Smith; A. J. Soja; Christopher J. Still; Tyson L. Swetnam; Alexandra D. Syphard; Morgan W. Tingley; Ali Tohidi; Anna T. Trugman; Merritt R. Turetsky; J. Morgan Varner; Yuhang Wang; Thea Whitman; Stephanie G. Yelenik; Xuan Zhang,Anthropocene; Human systems engineering; Paradigm shift; Climate change; Environmental resource management; Earth system science; Ecosystem services; Environmental planning; Ecosystem; Business; Environmental ethics; Environmental science; Ecology; Sociology; Social science,"Fire is an integral component of ecosystems globally and a tool that humans have harnessed for millennia. Altered fire regimes are a fundamental cause and consequence of global change, impacting people and the biophysical systems on which they depend. As part of the newly emerging Anthropocene, marked by human-caused climate change and radical changes to ecosystems, fire danger is increasing, and fires are having increasingly devastating impacts on human health, infrastructure, and ecosystem services. Increasing fire danger is a vexing problem that requires deep transdisciplinary, trans-sector, and inclusive partnerships to address. Here, we outline barriers and opportunities in the next generation of fire science and provide guidance for investment in future research. We synthesize insights needed to better address the long-standing challenges of innovation across disciplines to (i) promote coordinated research efforts; (ii) embrace different ways of knowing and knowledge generation; (iii) promote exploration of fundamental science; (iv) capitalize on the ""firehose"" of data for societal benefit; and (v) integrate human and natural systems into models across multiple scales. Fire science is thus at a critical transitional moment. We need to shift from observation and modeled representations of varying components of climate, people, vegetation, and fire to more integrative and predictive approaches that support pathways toward mitigating and adapting to our increasingly flammable world, including the utilization of fire for human safety and benefit. Only through overcoming institutional silos and accessing knowledge across diverse communities can we effectively undertake research that improves outcomes in our more fiery future.",A5038176315,FALSE,,,,TRUE
https://openalex.org/W4309642743,"Hydrologic recovery after wildfire: A framework of approaches, metrics, criteria, trajectories, and timescales",https://doi.org/10.2478/johh-2022-0033,2022,article,Brian A. Ebel; Joseph W. Wagenbrenner; A. M. Kinoshita; Kevin D. Bladon,Environmental science; Hydrograph; Hydrology (agriculture); Hydrological modelling; Flood myth; Evapotranspiration; Temporal scales; Interception; Climatology; Geography; Geology,"Deviations in hydrologic processes due to wildfire can alter streamflows across the hydrograph, spanning peak flows to low flows. Fire-enhanced changes in hydrologic processes, including infiltration, interception, and evapotranspiration, and the resulting streamflow responses can affect water supplies, through effects on the quantity, quality, and timing of water availability. Post-fire shifts in hydrologic processes can also alter the timing and magnitude of floods and debris flows. The duration of hydrologic deviations from a pre-fire condition or function, sometimes termed hydrologic recovery, is a critical concern for land, water, and emergency managers. We reviewed and summarized terminology and approaches for defining and assessing hydrologic recovery after wildfire, focusing on statistical and functional definitions. We critically examined advantages and drawbacks of current recovery assessment methods, outline challenges to determining recovery, and call attention to selected opportunities for advancement of post-fire hydrologic recovery assessment. Selected challenges included hydroclimatic variability, post-fire land management, and spatial and temporal variability. The most promising opportunities for advancing assessment of hydrologic recovery include: (1) combining statistical and functional recovery approaches, (2) using a greater diversity of post-fire observations complemented with hydrologic modeling, and (3) defining optimal assemblages of recovery metrics and criteria for common hydrologic concerns and regions.",A5011255318,FALSE,,,,TRUE
https://openalex.org/W4312094163,To burn or not to burn: An empirical assessment of the impacts of wildfires and prescribed fires on trace element concentrations in Western US streams,https://doi.org/10.1016/j.scitotenv.2022.160731,2022,article,Mussie T. Beyene; Scott G. Leibowitz; Christopher J. Dunn; Kevin D. Bladon,Environmental science; Trace element; STREAMS; Watershed; Hydrology (agriculture); Prescribed burn; Water quality; Ecology; Geology; Geography; Forestry,"The use of low-severity prescribed fires has been increasingly promoted to reduce the impacts from high-severity wildfires and maintain ecosystem resilience. However, the effects of prescribed fires on water quality have rarely been evaluated relative to the effects of wildfires. In this study, we assessed the effects of 54 wildfires and 11 prescribed fires on trace element (arsenic, selenium, and cadmium) concentrations of streams draining burned watersheds in the western US. To obtain results independent of the choice of method, we employed three independent analytical approaches to evaluate fire effects on water quality for the first three post-fire years. In general, we observed significant increases in trace element concentrations in streams burned by large, high-severity wildfires, despite substantial variability across sites. Comparatively, we did not observe increases in the spring mean concentration of arsenic, selenium, and cadmium in watersheds burned by prescribed fires. Our analysis indicated that the post-fire trace element response in streams was primarily influenced by burn area, burn severity, post-fire weather, surface lithology, watershed physiography, and land cover. This study's results demonstrate that prescribed burns could lessen the post-fire trace element loads in downstream waters if prescribed fires reduce subsequent high severity fires in the landscape.",A5038096123,FALSE,,,,TRUE
https://openalex.org/W4294868683,"Loss of riparian forests from wildfire led to increased stream temperatures in summer, yet salmonid fish persisted",https://doi.org/10.1002/ecs2.4233,2022,article,Dana R. Warren; David A. Roon; Allison Swartz; Kevin D. Bladon,Riparian zone; Rainbow trout; Environmental science; Oncorhynchus; Trout; Watershed; Ecology; Climate change; Fish migration; STREAMS; Fish <Actinopterygii>; Fishery; Habitat; Biology,"Native salmonid fishes—cutthroat trout (Oncorhynchus clarkii) and steelhead/rainbow trout (Oncorhynchus mykiss)—are ecologically, culturally, and economically important species distributed across western North America. These fish are generally considered “cold‐water” adapted species. As such, recent studies have speculated about the potential effects of climate change on these native salmonids if stream temperature thresholds exceed 16–20°C during the summer. However, the magnitude of stream thermal responses to the slow but steady increases in regional temperatures associated with climate change remains uncertain and hard to predict. Comparatively, abrupt disturbances, such as wildfire, may produce almost instantaneous and substantial increases in stream temperatures that may persist for multiple years until near‐stream vegetation becomes re‐established. In the first summer following a severe wildfire in western Oregon, we observed the initial persistence of populations of O. clarkii clarkii (coastal cutthroat trout) and O. mykiss (rainbow/steelhead trout). The fire burned the entire catchment, including the riparian area (~76% of the watershed area burned at moderate or high severity), resulting in stream temperature that regularly exceeded 20°C and represented increases of 6–7°C relative to prefire conditions. However, the mechanisms enabling the persistence of cold‐water fishes despite the dramatic increases in stream temperature remain unclear and require further investigation. Nevertheless, wildfires represent acute natural disturbances that can substantially alter stream thermal regimes and provide unique insights that allow us to better understand how native fishes in natural systems cope with projected increases in stream temperatures.",A5053345924,FALSE,,,,TRUE
https://openalex.org/W4311908736,"Carbon uptake by Douglas-fir is more sensitive to increased temperature and vapor pressure deficit than reduced rainfall in the western Cascade Mountains, Oregon, USA",https://doi.org/10.1016/j.agrformet.2022.109267,2022,article,Karla M. Jarecke; Linnia Hawkins; Kevin D. Bladon; Steven M. Wondzell,Vapour Pressure Deficit; Transpiration; Environmental science; Primary production; Atmospheric sciences; Productivity; Climate change; Biometeorology; Climatology; Hydrology (agriculture); Ecosystem; Ecology; Photosynthesis; Botany; Biology; Canopy,NA,A5078793960,TRUE,,,,TRUE
https://openalex.org/W4211057370,Comparing headwater stream thermal sensitivity across two distinct regions in Northern California,https://doi.org/10.1002/hyp.14517,2022,article,Austin D. Wissler; Catalina Segura; Kevin D. Bladon,STREAMS; Hydrology (agriculture); Environmental science; Lithology; Snowmelt; Precipitation; Groundwater; Geology; Range (aeronautics); Snow; Atmospheric sciences; Geomorphology; Meteorology; Geography,"Thermal regimes in headwater streams are critical for freshwater ecological condition and habitat resilience to disturbance, and to inform sustainable forest management. However, stream temperatures vary depending on characteristics of the stream, catchment, or region. To improve our knowledge of stream thermal regimes, we collected stream and air temperature data along eight headwater streams in two regions in Northern California. Five streams were in the Coast Range, which is characterized by permeable sandstone lithology, rain dominated precipitation regime, and dense coast redwood forests. Three streams were in the Cascade Range, which is characterized by fractured and resistant basalt lithology, snow dominated precipitation, and low to moderate density pine forests. We instrumented each stream with 12 stream temperature and four air temperature sensors during summer 2018. We compared stream thermal regimes and thermal sensitivity—slope of the linear regression between daily stream and air temperature—within and between study regions. Mean daily stream temperatures were ~4.7°C warmer in the Coast Range but were less variable (SD = 0.7°C) compared to the Cascade Range (SD = 2.3°C). Median thermal sensitivity was 0.33°C °C−1 in the Coast Range and 0.23°C °C−1 in the Cascade Range. We posit that the volcanic lithology underlying the Cascade streams likely supported discrete groundwater discharge locations of cold snowmelt water, which dampened thermal sensitivity. At locations of apparent groundwater discharge in these streams, median stream temperatures rapidly decreased by 2.0–7.0°C relative to locations 70–90 m upstream. In contrast, thin friable soils in the Coast Range likely contributed warmer, rain dominated baseflow from shallow subsurface sources, which strongly co‐varied with air temperature and generally warmed downstream (up to 2.1°C km−1). Our study revealed distinct longitudinal thermal regimes in streams with contrasting lithology, precipitation regimes, and stand densities suggesting that streams in these different regions may respond differentially to forest disturbances or climate change.",A5044571864,TRUE,,,,TRUE
https://openalex.org/W4313256721,Characterizing stream temperature hysteresis in forested headwater streams,https://doi.org/10.1002/hyp.14795,2022,article,Lorrayne Miralha; Austin D. Wissler; Catalina Segura; Kevin D. Bladon,STREAMS; Storm; Surface runoff; Environmental science; Hydrology (agriculture); Hysteresis; Drainage basin; Climate change; Current (fluid); Atmospheric sciences; Geology; Ecology; Geography; Oceanography,"Stream temperature (Ts) is a key water quality parameter that controls several biological, ecological, and chemical processes in aquatic systems. In forested headwaters, exchanges of energy across air‐water‐streambed interfaces may influence Ts regimes, especially during storm events as the sources of runoff change over space and time. Analysis of the hysteretic behaviour of Ts during storm events may provide insights into rainfall‐runoff responses, but such relationships have not been thoroughly investigated. As such, our objectives were to (a) quantify the variability of stream temperature hysteresis across seasons in different sub‐regions and (b) investigate the relationship between the hysteretic response and catchment characteristics. Ts hysteresis during storm events was assessed based on the hysteresis index (HI), which describes the directionality of hysteresis loops, and the temperature response index (TRI), which indicates whether Ts increased or decreased during a storm event. We analysed Ts data from 10 forested headwater reaches in two sub‐regions (McGarvey and West Fork Tectah) in Northern California. We also performed a clustering analysis to examine the relationship amongst HI, TRI, topographic metrics, and meteorological characteristics of the study areas. Overall, the hysteretic behaviour of Ts varied across seasons—the greatest HI occurred during spring and summer. Interestingly, in the McGarvey streams the variability in Ts hysteresis co‐varied strongly with topographic metrics (i.e., upslope accumulative area, average channel slope, topographic wetness index). Comparatively, in West Fork Tectah the variability of Ts hysteresis co‐varied most strongly with meteorological metrics (i.e., antecedent rainfall events, solar radiation, and air temperature). Variables such as the gradient between stream and air temperatures, slope, and wetted width were significant for both sub‐regional hysteretic patterns. We posit that the drivers of Ts response during storms are likely dependent on catchment physiographic characteristics. Our study also illustrated the potential utility of stream temperature as a tracer for improving the understanding of hydrologic connectivity and shifts in the dominant runoff contributions to streamflow during storm events.",A5065132278,TRUE,,,,TRUE
https://openalex.org/W4226428840,"Baseline geographic information on wildfire-watershed risk in Canada: needs, gaps, and opportunities",https://doi.org/10.1080/07011784.2022.2032367,2022,article,François‐Nicolas Robinne; Catherine Paquette; Dennis W. Hallema; Kevin D. Bladon; Marc‐André Parisien,Baseline (sea); Watershed; Geographic information system; Geography; Environmental resource management; Environmental science; Remote sensing; Computer science; Political science,"Awareness of wildfire risks to water security, or wildfire-watershed risks (WWR) for short, has been growing in Canada (Coogan et al. 2019; Pomeroy et al. 2019; Robinne et al. 2020). This comes fro...",A5031419714,FALSE,,,,TRUE
https://openalex.org/W4307212739,"Organic matter concentration and composition of experimentally burned open air and muffle furnace vegetation chars across differing burn severity and feedstock types from Pacific Northwest, USA (v4).",https://doi.org/10.15485/1894135,2022,dataset,"Samantha Grieger; Aronstein, Paul; John D. Bailey; Morgan Barnes; Barton, Riley; Kevin D. Bladon; Chu, Rosalie; Brieanne Forbes; Vanessa Garayburu‐Caruso; Emily Graham; Amy Goldman; Khadijah Homolka; Kew, William; Lipton, Andrew S.; Sophia McKever; Munson, Kathleen M.; Myers, Chris R.; Nieto-Pereira, Nubia; O'Day, Peggy; Opal Otenburg; Regier, Tom; Lupita Renteria; Alan Roebuck; Tim Scheibe; Joshua M. Torgeson; Toyoda, Jason G.; Wagner, Sasha; Winston, Isabella; Young, Robert P.; Allison Myers‐Pigg",Muffle furnace; Vegetation (pathology); Environmental science; Organic matter; Raw material; Open air; Waste management; Composition (language); Environmental chemistry; Ecology; Chemistry; Engineering,"This dataset represents results from an experimental study designed to compare how the chemical composition of organic matter changes across different burn conditions and feedstock materials. The dataset provides both solid and dissolved phase bulk concentration and organic matter characterization data from experimentally generated chars. Chars were created in a closed muffle furnace or on an open burn table from four different feedstock species representing vegetation commonly impacted by fire regimes across the Pacific Northwest, USA. This data can be used to compare how different burn conditions may influence resultant organic matter chemistry and help further our understanding of potential biogeochemical impacts on river corridors post-fire. This dataset is comprised of one data package readme, one data dictionary (dd), one file level metadata (flmd), fourteen burn table videos, burn table video metadata and three folders containing (A) data; (B) metadata and protocols; and (C) photos. The folder names and the file name of the data package readme include a version number which will be updated with future iterations of this data package. The data folder includes (1) solid carbon and solid nitrogen; (2) dissolved organic carbon (DOC, measured as non-purgeable organic carbon, NPOC) and total dissolved nitrogen (TN); (3) pH; (4) thermocouple time series temperature; (5) methods codes; (6) installation methods; (7) excitation emissions matrix (EEM) methods information; (8) a folder of excitation emissions matrix (EEM) fluorescence and absorbance spectra in dissolved organic matter and EEMs processing instructions; (9) solid state carbon-13 and solution state phosphorus nuclear magnetic resonance (13-C NMR and 31-P NMR) data and methods; (10) benzene polycarboxylic acid (BPCA) concentration and stable isotope data; (11) FTICR-MS methods; (12) Inductively coupled plasma (ICP) data for total calcium, magnesium, iron, aluminum, potassium, phosphorus, sodium, and sulfur along with sodium hydroxide-ethylenediaminetetraacetic acid (sodium hydroxide-EDTA) extractable calcium, magnesium, iron, aluminum, potassium, phosphorus, and sulfur; (13) a folder of phosphorus, carbon, and nitrogen X-ray absorption near edge structure (P-XANES, N-XANES, C-XANES) data for samples and standards; (14) P-XANES, N-XANES, C-XANES methods; (15) molybdate reactive phosphorus; and (16) folder of high resolution characterization of organic matter via 21 Tesla Fourier transform ion cyclotron resonance mass spectrometry (FTICR-MS) generated through the Environmental Molecular Sciences Laboratory (EMSL; https://www.pnnl.gov/environmental-molecular-sciences-laboratory). The FTICR folder contains .txt data files and a subfolder containing instruments for using Formularity (https://omics.pnl.gov/software/formularity) and an R script to process the data based on the user's specific needs. The metadata and protocols folder includes (1) international geo-sample number (IGSN) mapping file (2) burn and laboratory metadata; (3) burn protocol; (4) laboratory protocol; (5) vegetation collection metadata; and (6) vegetation collection protocol. The folder contains photos of the solid chars. All files are .csv, .txt, .pdf, .jpg, .jpeg, .R, .ref, or .mp4. The data package was originally published October 2022 (v1). It was updated April 2023 (v2; new data files), September 2023 (v3; new and corrected data files), and September 2024 (v4; new and added/updated files). Metadata files were also updated to reflect these changes. See the change history section in the readme for more details.",A5043918304,FALSE,,,,TRUE
https://openalex.org/W4293377132,The spatial organization of CAFOs and its relationship to water quality in the United States,https://doi.org/10.1016/j.jhydrol.2022.128301,2022,article,Lorrayne Miralha; Suraya Sidique; Rebecca Logsdon Muenich,Water quality; Quality (philosophy); Environmental science; Hydrology (agriculture); Geology; Geotechnical engineering,NA,A5065132278,TRUE,,,,FALSE
https://openalex.org/W4229460124,Climate change impacts on conventional and flash droughts in the Mekong River Basin,https://doi.org/10.1016/j.scitotenv.2022.155845,2022,article,Hyunwoo Kang; Venkataramana Sridhar; Syed Azhar Ali,Environmental science; Coupled model intercomparison project; Soil and Water Assessment Tool; Climate change; Flash flood; Climatology; Climate model; Drainage basin; Mekong river; Representative Concentration Pathways; Structural basin; Hydrology (agriculture); Water resource management; Streamflow; Geography; Flood myth; Ecology,NA,A5101721232,TRUE,,,,FALSE
https://openalex.org/W4294719271,"Assessing the Predatory Effects of Invasive Brown Trout on Native Rio Grande Sucker and Rio Grande Chub in Mountain Streams of New Mexico, USA",https://doi.org/10.3390/conservation2030035,2022,article,Jansen Ivie; Owen George; Scott F. Collins,Brown trout; Sucker; Predation; Salmo; Biology; Predator; Trout; Ecology; Fishery; Zoology; Fish <Actinopterygii>,"Invasive predators pose a critical threat to native taxa. Body size plays an important role in mediating the interactions of predator and prey. For piscivorous fishes, increased predator body size can be accompanied by the selection of increasingly larger prey or may reflect a mix of small and large prey. Knowledge of such interactions helps determine how predation affects population vital rates. Here, we assessed the predatory effects of invasive Brown Trout (Salmo trutta) on populations of native Rio Grande Sucker (Catostomus plebeius) and Rio Grande Chub (Gila pandora) in streams of the Jemez River watershed (New Mexico, USA). Trout diets were sampled every two weeks during the 2020 growing season. Predator and prey body lengths were measured to examine relationships to better understand patterns of piscivory and quantify the threat Brown Trout pose to populations of Rio Grande Chub and Rio Grande Sucker. Across all streams and sampling dates, 7% of Brown Trout diets contained fish. Predator–prey length relationships reflected a ‘wedge’ pattern, indicating that Brown Trout consumed an increasing range of prey body sizes as they grew larger. Rio Grande Sucker and Rio Grande Chub comprised 46% of consumed fishes. The findings demonstrated that Rio Grande Sucker and Rio Grande Chub experience constant predation over the growing season by Brown Trout. Moreover, our study provides evidence that these invasive predators pose a threat to the viability of Rio Grande Chub and Rio Grande Sucker populations. Conservation efforts to protect these chub and sucker populations must account for and directly address predation by invasive Brown Trout.",A5067345605,TRUE,,,,FALSE
https://openalex.org/W3161357117,Fifty‐eight years and counting of watershed science at the Caspar Creek Experimental Watersheds in northern California,https://doi.org/10.1002/hyp.14207,2021,article,Paul Richardson; Jayme E. Seehafer; Elizabeth T. Keppeler; Diane G. Sutherland; Joseph W. Wagenbrenner; Kevin D. Bladon; Salli F. Dymond; Ryan P. Cole,Watershed; Hydrology (agriculture); Environmental science; Sediment; Streamflow; Weir; Experimental forest; Perennial stream; Precipitation; STREAMS; Sediment transport; Geology; Drainage basin; Geography; Forestry; Geomorphology,"The Caspar Creek Experimental Watersheds are the site of a long‐term paired watershed study in the northern Coast Ranges of California. The watersheds are predominately forested with coast redwood and Douglas‐fir. Old‐growth forest was logged between 1860 and 1904. Two harvesting experiments have been completed since then and a third experiment is currently underway. Caspar Creek data are split into three phases corresponding to three experiments: Phase 1 (1962–1985) reports on a selection harvest (1971–1973) and initial recovery in the South Fork watershed; Phase 2 (1985–2017) includes clearcut harvesting of ~50% of the North Fork watershed (1985–1992) and recovery; and Phase 3 (2017 onward) corresponds to a second selection harvest in the South Fork watershed with a range of subwatershed harvest intensities (2017–2019) and recovery. All three experiments included harvest‐related road‐building and relied primarily on measurements of streamflow and sediment delivery from both treated and reference watersheds. Major findings include modest increases in post‐harvest peak flows and cumulative flow volumes, post‐harvest low flows that initially increased and then decreased 12 to 15 years after harvesting, and the consequences of different yarding techniques and road design on sediment yields. Some of the data for Phase 1 and Phase 2 are available in a USDA Forest Service online archive. The archived data include precipitation, streamflow, suspended sediment concentrations, turbidity, accumulated weir pond sediment volumes, bedload transport rates, water stable isotope data, and geospatial data. Archiving activities are ongoing. Phase 3 data are currently being collected and will be archived after a post‐harvest monitoring period.",A5009925703,FALSE,,,,TRUE
https://openalex.org/W3158721814,State and scope of U.S. soil health legislation: A qualitative policy analysis,https://doi.org/10.5304/jafscd.2021.103.001,2021,article,Madison Delmendo; Yona Sipos; David R. Montgomery; Ryan P. Cole; Jennifer J. Otten,Legislation; Scope (computer science); Public health; Health policy; Context (archaeology); Political science; Environmental resource management; Geography; Medicine; Environmental science; Law; Nursing,"Links between soil health and public health are established and growing in the scientific literature, and soil health bills in the U.S. have increased since 2016, but the extent to which current soil health legislation addresses public health implications has not been examined. Does the scope of current legislation explicitly address links to public health? This question will grow more pressing as popula­tion growth places higher demands on soils. In this study, we examine the scope and content of recent soil health legislation and investigate the impor­tance of context, processes, and actors through semistructured interviews with soil health profes­sionals involved with identified bills. Twelve bills from 11 states were analyzed and 10 interviews were conducted. Legislation focused primarily on soils’ capacity to sequester carbon and improve water quality, while public health had minimal representation. Interviews illuminated themes such as climate change motivating bill proposals and recognition of soils as living ecosystems, yet also demonstrated structural and knowledge limitations to including public health in soil health policies. These findings provide a novel perspective on the scope and passage of soil health legislation and demonstrate the opportunity for broader collaboration with public health.",A5076691549,FALSE,,,,FALSE
https://openalex.org/W3131990941,Scientists' warning on extreme wildfire risks to water supply,https://doi.org/10.1002/hyp.14086,2021,article,François‐Nicolas Robinne; Dennis W. Hallema; Kevin D. Bladon; Mike Flannigan; Gabrielle Boisramé; Christian Bréthaut; Stefan H. Doerr; Giuliano Di Baldassarre; Louise Gallagher; Amanda K. Hohner; Stuart J. Khan; A. M. Kinoshita; Rua S. Mordecai; João Pedro Nunes; Petter Nyman; Cristina Santín; Gary Sheridan; Cathelijne R. Stoof; Matthew P. Thompson; J. M. Waddington; Yu Wei,Watershed; Flash flood; Environmental science; Water security; Wetland; Damages; Extreme weather; Surface runoff; Climate change; Geography; Flood myth; Environmental protection; Water resource management; Water resources; Ecology,"2020 is the year of wildfire records. California experienced its three largest fires early in its fire season. The Pantanal, the largest wetland on the planet, burned over 20% of its surface. More than 18 million hectares of forest and bushland burned during the 2019-2020 fire season in Australia, killing 33 people, destroying nearly 2500 homes, and endangering many endemic species. The direct cost of damages is being counted in dozens of billion dollars, but the indirect costs on water-related ecosystem services and benefits could be equally expensive, with impacts lasting for decades. In Australia, the extreme precipitation (""200 mm day -1 in several location"") that interrupted the catastrophic wildfire season triggered a series of watershed effects from headwaters to areas downstream. The increased runoff and erosion from burned areas disrupted water supplies in several locations. These post-fire watershed hazards via source water contamination, flash floods, and mudslides can represent substantial, systemic long-term risks to drinking water production, aquatic life, and socio-economic activity. Scenarios similar to the recent event in Australia are now predicted to unfold in the Western USA. This is a new reality that societies will have to live with as uncharted fire activity, water crises, and widespread human footprint collide all-around of the world. Therefore, we advocate for a more proactive approach to wildfire-watershed risk governance in an effort to advance and protect water security. We also argue that there is no easy solution to reducing this risk and that investments in both green (i.e., natural) and grey (i.e., built) infrastructure will be necessary. Further, we propose strategies to combine modern data analytics with existing tools for use by water and land managers worldwide to leverage several decades worth of data and knowledge on post-fire hydrology.",A5031419714,FALSE,,,,TRUE
https://openalex.org/W3208402693,Dynamic Hillslope Soil Moisture in a Mediterranean Montane Watershed,https://doi.org/10.1029/2020wr029170,2021,article,Salli F. Dymond; Joseph W. Wagenbrenner; Elizabeth T. Keppeler; Kevin D. Bladon,Water content; Environmental science; Hydrology (agriculture); Riparian zone; Soil water; Mediterranean climate; Wet season; Moisture; Transect; Watershed; Vegetation (pathology); Vadose zone; Soil science; Spatial variability; Soil texture; Water storage; Geology; Geomorphology; Ecology; Habitat; Geography,"Variations in hillslope soil moisture control forest hydrologic fluxes and storage pools, yet sparse observations combined with the complexity and heterogeneity of water movement and storage in the vadose zone can make temporal and spatial patterns and processes difficult to predict. We used two years of field observations of volumetric soil moisture at three depths (15, 30, and 100 cm) across five topographic positions (riparian, toeslope, sideslope, shoulder, and ridge) along three hillslope transects to better understand how soil moisture changes with hillslope position and through time. As expected, we found higher values of soil moisture at all depths at the riparian and toeslope positions. Unexpectedly, we found that ridges were particularly wet during the wet winter months and dried quickly during the summer months, indicating that topography alone cannot account for mean wet season soil moisture in our Mediterranean climate field site. The variability in soil moisture across all soil depths and topographic positions was greatest when soils were dry and decreased under wet soil conditions; this variability remained high in the deeper soil horizons, regardless of season. Lastly, event analysis suggests that the response to early season rainfall was highly variable along the hillslopes and was likely dominated by localized controls such as microtopography and vegetation as well as soil texture, antecedent moisture conditions, and rainfall characteristics. Our results suggest that the drivers of wet and dry season soil moisture dynamics can vary across topographic positions along a hillslope and do not always follow topographic controls.",A5059498338,FALSE,,,,TRUE
https://openalex.org/W3157792744,The Influence of Local and Nonlocal Factors on Soil Water Content in a Steep Forested Catchment,https://doi.org/10.1029/2020wr028343,2021,article,Karla M. Jarecke; Kevin D. Bladon; Steven M. Wondzell,Water content; Soil water; Hydrology (agriculture); Surface runoff; Terrain; Environmental science; Spatial variability; Geology; Vegetation (pathology); Topographic Wetness Index; Soil science; Hydrogeology; Infiltration (HVAC); Geomorphology; Landslide; Geography,"Surface topography can influence flow pathways and the location of runoff source areas and water transport in steep headwater catchments. However, the influence of topography on spatial patterns of residual soil moisture is less well understood. We measured soil volumetric water content (VWC) on 14 dates at 0–30 and 30–60 cm depth at 54 sites on a steep, 10 ha north‐facing forested slope in the west‐central Cascades Mountains of Oregon, USA. Spatial patterns in VWC were persistent over time, and contrary to expectations VWC at 30–60 cm depth was greater on divergent than convergent slopes, especially during wet periods ( R 2 = 0.27, p < 0.001). Vegetation characteristics were assessed for all VWC monitoring locations and soil properties were determined for 13 locations as local factors that affect spatial patterns in VWC. Mean VWC over all dates was negatively correlated to gravimetric rock content ( R 2 = 0.28, p = 0.03) and positively correlated to water storage at field capacity ( R 2 = 0.56, p < 0.01). The variability in rock content in quick‐draining soils influenced soil‐water retention, and by extension, created spatially heterogenous but temporally persistent patterns in VWC. While spatial patterns were persistent, they were not easily explained by surficial topography in a steep, mountainous landscape with rocky, well‐drained soils. Further research is needed to understand if combined soil‐terrain metrics would be a more useful proxy for VWC than terrain‐based wetness metrics alone.",A5078793960,TRUE,,,,TRUE
https://openalex.org/W3185199376,A Field-Based Experiment on the Influence of Stand Density Reduction on Watershed Processes at the Caspar Creek Experimental Watersheds in Northern California,https://doi.org/10.3389/ffgc.2021.691732,2021,article,Salli F. Dymond; Paul Richardson; Lynn A. Webb; Elizabeth T. Keppeler; Iván Arismendi; Kevin D. Bladon; Peter H. Cafferata; Helen E. Dahlke; David L. Longstreth; Patrick K. Brand; Peter R. Ode; Christopher G. Surfleet; Joseph W. Wagenbrenner,Watershed; Watershed management; Environmental science; Environmental resource management; Ecosystem services; Scholarship; Hydrology (agriculture); Ecosystem; Ecology; Computer science; Engineering,"Forests are integral to sustaining clean water resources and healthy watersheds. It is critical, therefore, that managers fully understand the potential impacts of their actions on myriad ecosystem services provided by forested watersheds. While forest hydrologists have long used paired-watershed experiments to elucidate the complex interactions between forest management and watershed biogeochemical and ecohydrological processes, there is still much to learn from these studies. Here, we present an overview of the process for designing a paired-watershed study using a large harvesting experiment at the Caspar Creek Experimental Watersheds in coastal California as an example. We detail many considerations when designing such an experiment and highlight the wide range of scientific investigations that are part of the larger experiment. Paired watershed studies are a great example of community engaged scholarship and offer the unique opportunity to work with land managers to solve applied problems while simultaneously discovering new fundamental knowledge about how watersheds function.",A5059498338,FALSE,,,,TRUE
https://openalex.org/W3209381486,Assessing the Role of Snow Cover for Post‐Wildfire Revegetation Across the Pacific Northwest,https://doi.org/10.1029/2021jg006465,2021,article,Andrew Wilson; A. W. Nolin; Kevin D. Bladon,Revegetation; Snowpack; Snow; Elevation (ballistics); Vegetation (pathology); Physical geography; Environmental science; Precipitation; Climate change; Climatology; Geography; Ecology; Geology; Ecological succession; Meteorology; Oceanography,"Forested, mountain landscapes in the Pacific Northwest (PNW) are changing at an unprecedented rate, largely due to shifts in the regional climate regime. Documented climate warming trends across the PNW include increasing wildfire frequency and severity and an increasingly ephemeral snowpack, especially at moderate elevations. We analyzed 24 high severity wildfires across four distinct PNW mountainous subregions, examining snow‐vegetation relationships for two years pre‐fire and four years post‐fire. To assess the importance of snow cover for revegetation compared to other climatic, topographic, and burn severity‐related variables, binary regression tree models were constructed for the dominant pre‐fire conifer species within each of the four PNW subregions. Summer precipitation consistently appeared as the most important variable driving post‐fire revegetation across all four subregions. Snow cover variables (snow cover frequency and snow disappearance date), along with elevation, were shown to be secondary but significantly influential explanatory variables for revegetation in the Oregon and Washington Cascades. Revegetation was also analyzed using a time series of linear regressions across 200‐m elevation bands by measuring correlations between winter snow cover and summer vegetation greenness. Results showed strong positive post‐fire correlations at moderate elevations in the western Montana Rockies and at the lowest elevation band in the Idaho Rockies. Considering trends of increasing wildfire activity, lower snowpacks, and earlier snow disappearance dates across the PNW, forests will likely experience more frequent drought conditions that will impact post‐wildfire vegetation regrowth.",A5103202491,FALSE,,,,TRUE
https://openalex.org/W3176690262,Fish response to successive clearcuts in a second-growth forest from the central Coast range of Oregon,https://doi.org/10.1016/j.foreco.2021.119447,2021,article,D. S. Bateman; Nathan D. Chelgren; Robert E. Gresswell; Jason B. Dunham; David Hockman‐Wert; David Leer; Kevin D. Bladon,Logging; Trout; Watershed; Biomass (ecology); Oncorhynchus; Habitat; Environmental science; STREAMS; Forest management; Range (aeronautics); Ecosystem; Clearcutting; Fishery; Drainage basin; Ecology; Hydrology (agriculture); Geography; Forestry; Fish <Actinopterygii>; Agroforestry; Biology; Geology,NA,A5113778881,FALSE,,,,TRUE
https://openalex.org/W3192938411,Spatiotemporal land use change and environmental degradation surrounding CAFOs in Michigan and North Carolina,https://doi.org/10.1016/j.scitotenv.2021.149391,2021,article,Lorrayne Miralha; Rebecca Logsdon Muenich; Danica Schaffer‐Smith; Soe W. Myint,"Environmental science; Land use; Land use, land-use change and forestry; Remote sensing; Water resource management; Geography",NA,A5065132278,TRUE,,,,FALSE
https://openalex.org/W3215111352,Using metabolomic profiling to inform use of surrogate species in ecological risk assessment practices,https://doi.org/10.1016/j.cbd.2021.100947,2021,article,Roland F. Seim; Donna A. Glinski; Candice M. Lavelle; Jill A. Awkerman; Becky L. Hemmer; Peggy S. Harris; Sandy Raimondo; Marcía N. Snyder; Brad Acrey; S. Thomas Purucker; Denise K. MacMillan; Amanda A. Brennan; W. Matthew Henderson,Amphibian; Biology; Pesticide; Danio; African clawed frog; Ecology; Bufo; Risk assessment; Zoology; Zebrafish; Toad; Xenopus,NA,A5067160851,FALSE,,,,FALSE
https://openalex.org/W3092017443,Hillslope sediment production after wildfire and post‐fire forest management in northern California,https://doi.org/10.1002/hyp.13932,2020,article,Ryan P. Cole; Kevin D. Bladon; Joseph W. Wagenbrenner; Drew Coe,Environmental science; Sediment; Hydrology (agriculture); Surface runoff; Erosion; Salvage logging; Infiltration (HVAC); Precipitation; Vegetation (pathology); Ecosystem; Logging; Geology; Forest ecology; Forestry; Ecology; Geography; Geomorphology,"High severity wildfires impact hillslope processes, including infiltration, runoff, erosion, and sediment delivery to streams. Wildfire effects on these processes can impair vegetation recovery, producing impacts on headwater and downstream water supplies. To promote forest regeneration and maintain forest and aquatic ecosystem functions, land managers often undertake active post‐fire land management (e.g., salvage logging, sub‐soiling, re‐vegetation). The primary objective of our study was to quantify and compare sediment yields eroded from (a) burned, (b) burned and salvage logged, and (c) burned, salvage logged, and sub‐soiled plots following the 2015 Valley Fire in the northern California Coast Range. We distributed 25 sediment fences (~75 m2 contributing area) across four hillslopes burned at high severity and representative of the three management types. We collected eroded sediment from the fences after precipitation events for 5 years. We also quantified precipitation, canopy cover, ground cover, and soil properties to characterize the processes driving erosion across the three management types. Interestingly, during the second year after the fire, sediment yields were greater in the burned‐only plots compared with both the salvage logged and sub‐soiled plots. By the third year, there were no differences in sediment yields among the three management types. Sediment yields decreased over the 5 years of the study, which may have occurred due to site recovery or exhaustion of mobile sediment. As expected, sediment yields were positively related to precipitation depth, bulk density, and exposed bare soil, and negatively related to the presence of wood cover on the soil surface. Unexpectedly, we observed greater sediment yields on the burned‐only plots with greater canopy closure, which we attributed to increased throughfall drop size and kinetic energy related to the residual canopy. While these results will aid post‐fire management decisions in areas with Mediterranean climates prone to low intensity, long duration rainstorms, additional research is needed on the comparative effects of post‐fire land management approaches to improve our understanding of the mechanisms driving post‐fire erosion and sediment delivery.",A5082519109,TRUE,,,,TRUE
https://openalex.org/W2999728848,Long‐term hydrologic recovery after wildfire and post‐fire forest management in the interior Pacific Northwest,https://doi.org/10.1002/hyp.13665,2020,article,R. J. Niemeyer; Kevin D. Bladon; Richard D. Woodsmith,Environmental science; Interception; Hydrology (agriculture); Evapotranspiration; Prescribed burn; Drainage basin; Fire regime; Discharge; Water quality; Ecosystem; Forestry; Ecology; Geography; Geology,"Elevated wildfire activity in many regions in recent decades has increased concerns about the short‐ and long‐term effects on water quantity, quality, and aquatic ecosystem health. Often, loss of canopy interception and transpiration, along with changes in soil structural properties, leads to elevated total annual water yields, peak flows, and low flows. Post‐fire land management treatments are often used to promote forest regeneration and mitigate effects to terrestrial and aquatic ecosystems. However, few studies have investigated the longer‐term effects of either wildfire or post‐fire land management on catchment hydrology. Our objectives were to quantify and compare the short‐ and longer‐term effects of both wildfire and post‐fire forest management treatments on annual discharge, peak flows, low flows, and evapotranspiration (AET). We analyzed ten years of pre‐fire data, along with post‐fire data from 1 to 7 and 35 to 41 years after wildfire burned three experimental catchments in the Entiat Experimental Forest (EEF) in the Pacific Northwest, USA. After the fire, two of the catchments were salvage logged, aerially seeded, and fertilized, while the third catchment remained as a burned reference. We observed increases in annual discharge (150–202%), peak flows (234–283%), and low flows (42–81%), along with decreases in AET (34–45%), across all three study catchments in the first seven year period after the EEF wildfire. Comparatively, annual discharge, peak flows, lows flows, and AET had returned to pre‐fire levels 35–41 years after the EEF fire in the two salvage logged and seeded catchments. Surprisingly, in the catchment that was burned but not actively managed, the annual discharge and runoff ratios remained elevated, while AET remained lower, during the period 35–41 years after the EEF fire. We posit that differences in long‐term hydrologic recovery across catchments were driven by delayed vegetation recovery in the unmanaged catchment. Our study demonstrates that post‐fire land management decisions have the potential to produce meaningful differences in the long‐term recovery of catchment‐scale ecohydrologic processes and streamflow.",A5078512063,FALSE,,,,TRUE
https://openalex.org/W3048552820,"Projecting impacts of wildfire and climate change on streamflow, sediment, and organic carbon yields in a forested watershed",https://doi.org/10.1016/j.jhydrol.2020.125403,2020,article,Danielle Loiselle; Xinzhong Du; Daniel S. Alessi; Kevin D. Bladon; Monireh Faramarzi,Environmental science; Climate change; Total organic carbon; Hydrology (agriculture); Surface runoff; Streamflow; Watershed; Sediment; Precipitation; Drainage basin; Geology; Oceanography; Ecology; Geography,NA,A5069071509,FALSE,,,,TRUE
https://openalex.org/W3008582206,Long-term effects of forest harvesting on summer low flow deficits in the Coast Range of Oregon,https://doi.org/10.1016/j.jhydrol.2020.124749,2020,article,Catalina Segura; Kevin D. Bladon; J. A. Hatten; Julia Jones; V. Cody Hale; George G. Ice,Clearcutting; Streamflow; Environmental science; Riparian zone; Riparian forest; Logging; Watershed; Riparian buffer; Hydrology (agriculture); Evapotranspiration; Agroforestry; Forestry; Geography; Ecology; Geology; Drainage basin; Habitat; Biology,NA,A5043414848,FALSE,,,,TRUE
https://openalex.org/W3080196712,Streamflow permanence in headwater streams across four geomorphic provinces in Northern California,https://doi.org/10.1002/hyp.13889,2020,article,Adam A. Pate; Catalina Segura; Kevin D. Bladon,STREAMS; Perennial stream; Streamflow; Hydrology (agriculture); Environmental science; Precipitation; Channel (broadcasting); Physical geography; Geology; Drainage basin; Geography; Meteorology,"Mountainous headwater streams represent a substantial proportion of the global stream network. These small streams may flow episodically, seasonally, or perennially, providing diverse values and services. Given their broad importance and growing pressures on terrestrial and aquatic resources, we must improve our understanding of the drivers of flow permanence to facilitate informed land and water management decisions. We used field observations from >10 cross‐sections in each of 101 non‐fish bearing, headwater streams across four geomorphic provinces in Northern California to quantify flow permanence and network connectivity during the summer low flow period in 2018. At each stream cross‐section, we noted the presence or absence of streamflow and used this information to classify streams as perennial (continuous streamflow in all cross‐sections) or non‐perennial and connected (surface water in the most downstream cross‐section) or disconnected. At each cross‐section, we also quantified channel size (width and depth) and grain size. We coupled field observations with geospatial data of catchment physiography, hydrology, and climate in random forest models to investigate controls of flow permanence and network connectivity. Potential drivers of flow permanence or network connectivity included in our models were channel geometry, grain size, slope, aspect, elevation, annual and seasonal precipitation, air temperature, and topographic wetness index. We found more perennial streams in the Klamath Mountains and Sierra Nevada than in the Cascades and N. Coast regions. Streams in the Klamath were the most connected followed by streams in the N. Coast, Sierra Nevada, and Cascades. The most important variables for predicting flow permanence were channel grain size, winter 2018 precipitation, and drainage area. Comparatively, the most important variables for predicting network connectivity were winter and spring 2018 precipitation, grain size, and bankfull depth. Our study illustrated the complexity of the processes that drive flow permanence and highlighted the uncertainty in projecting the precense of water in streams across diverse regions.",A5023666132,TRUE,,,,TRUE
https://openalex.org/W3015923308,Quantifying effects of forest harvesting on sources of suspended sediment to an Oregon Coast Range headwater stream,https://doi.org/10.1016/j.foreco.2020.118123,2020,article,Aaron A. Rachels; Kevin D. Bladon; Sharon Bywater‐Reyes; J. A. Hatten,Sediment; Hydrology (agriculture); Riparian zone; STREAMS; Environmental science; Drainage basin; Mass wasting; Sedimentary budget; Erosion; Riparian buffer; Sediment transport; Geology; Ecology; Habitat; Geography; Geomorphology,NA,A5086753779,TRUE,,,,TRUE
https://openalex.org/W3005131767,Short-Term Effects of Recent Fire on the Production and Translocation of Pyrogenic Carbon in Great Smoky Mountains National Park,https://doi.org/10.3389/ffgc.2020.00006,2020,article,Lauren M. Matosziuk; Adrian C. Gallo; J. A. Hatten; Kevin D. Bladon; Danica Ruud; Maggie Bowman; Jessica K. Egan; Kate Heckman; Michael Sanclements; Brian D. Strahm; Tyler L. Weiglein,National park; Environmental science; Soil water; Soil carbon; Soil organic matter; Ecosystem; Organic matter; Soil quality; Ecology; Geography; Soil science; Archaeology,"Fire affects the quantity and quality of soil organic matter (SOM). While combustion of the O-horizon causes direct losses of SOM, fire also transforms the remaining SOM into a spectrum of thermally altered organic matter. Pyrogenic carbon (PyC) can resist degradation and may have important effects on soil carbon cycling. The objectives of this study are to examine the mobility of PyC. Studying the effects of wildfire is challenging due to the rapid post-fire changes in the ecosystem and lack of robust controls. We overcame those limitations by examining the Chimney Tops 2 Fire which burned 4,617 ha of the Great Smoky Mountains National Park (GRSMNP), including a National Ecological Observatory Network (NEON) site, in November 2016. We examined PyC in soils from three time points from an area burned at low-severity (pre-, immediate post-, and 11 months post-fire) and two time points from areas burned at lower to higher severity (immediate post- and 11 months post-fire). At locations with pre-fire soil samples we found that PyC increased in the O-horizon (2.22 g BPCA/kg soil) after low severity fire, which resulted in higher PyC concentrations at 5-10 cm (0.73 g BPCA/kg soil and 17.79 g BPCA/kg C) and 10-20 cm (12.19 g BPCA/kg C) of depth in the mineral soil. Sites burned at higher severity had more PyC in the O horizon relative to sites burned at lower severity (10.29 g BPCA/kg soil and 29.89 g BPCA/kg C). As a result of higher concentrations of PyC in the O-horizons burned at higher severity, statistically more PyC moved from the O-horizon to the 0-10 cm horizon from immediate to 1-year post-fire (1.37 g BPCA/kg soil and 16.10 g BPCA/kg C). Lastly, the depth profile of C and BPCA suggest a shift in the source and amount of PyC in these soil profiles over time – possibly as a result of fire suppression. Results indicate that low severity fire may be an important mechanism by which PyC is produced and transported into mineral soils.",A5035766122,FALSE,,,,TRUE
https://openalex.org/W3011088604,Patterns and predictions of drinking water nitrate violations across the conterminous United States,https://doi.org/10.1016/j.scitotenv.2020.137661,2020,article,Michael J. Pennino; Scott G. Leibowitz; Jana E. Compton; Ryan A. Hill; Robert D. Sabo,Environmental science; Nitrate; Precipitation; Hydrology (agriculture); Irrigation; Groundwater; Hydrogeology; Land cover; Land use; Geography; Ecology; Meteorology,NA,A5056067563,FALSE,,,,FALSE
https://openalex.org/W3093205623,Wetland Flowpaths Mediate Nitrogen and Phosphorus Concentrations across the Upper Mississippi River Basin,https://doi.org/10.1111/1752-1688.12885,2020,article,S. G. Mengistu; Heather E. Golden; Charles R. Lane; Jay R. Christensen; Michael L. Wine; E. D’Amico; A. G. Prues; Scott G. Leibowitz; Jana E. Compton; Marc H. Weber; Ryan A. Hill,Wetland; Environmental science; Eutrophication; Watershed; Hydrology (agriculture); Water quality; Phosphorus; Drainage basin; Nutrient; STREAMS; Structural basin; Surface runoff; Nonpoint source pollution; Water resource management; Ecology; Geography; Geology,"Eutrophication, harmful algal blooms, and human health impacts are critical environmental challenges resulting from excess nitrogen and phosphorus in surface waters. Yet we have limited information regarding how wetland characteristics mediate water quality across watershed scales. We developed a large, novel set of spatial variables characterizing hydrological flowpaths from wetlands to streams, that is, “wetland hydrological transport variables,” to explore how wetlands statistically explain the variability in total nitrogen (TN) and total phosphorus (TP) concentrations across the Upper Mississippi River Basin (UMRB) in the United States. We found that wetland flowpath variables improved landscape‐to‐aquatic nutrient multilinear regression models (from R2 = 0.89 to 0.91 for TN; R2 = 0.53 to 0.84 for TP) and provided insights into potential processes governing how wetlands influence watershed‐scale TN and TP concentrations. Specifically, flowpath variables describing flow‐attenuating environments, for example, subsurface transport compared to overland flowpaths, were related to lower TN and TP concentrations. Frequent hydrological connections from wetlands to streams were also linked to low TP concentrations, which likely suggests a nutrient source limitation in some areas of the UMRB. Consideration of wetland flowpaths could inform management and conservation activities designed to reduce nutrient export to downstream waters.",A5019211887,FALSE,,,,FALSE
https://openalex.org/W3012785878,Adapting the Index of Watershed Integrity for Watershed Managers in the Western Balkans Region,https://doi.org/10.1007/s00267-020-01280-x,2020,article,Kelsey Aho; Joseph E. Flotemersch; Scott G. Leibowitz; Zachary C. Johnson; Marc H. Weber; Ryan A. Hill,Watershed; Geography; Drainage basin; Watershed area; Environmental resource management; Sustainable development; Structural basin; Environmental science; Water resource management; Environmental protection; Ecology; Cartography; Geology,NA,A5062384439,FALSE,,,,FALSE
https://openalex.org/W3111722516,"Assessing contributions of cold-water refuges to reproductive migration corridor conditions for adult salmon and steelhead trout in the Columbia River, USA",https://doi.org/10.1080/24705357.2020.1855086,2020,article,Marcía N. Snyder; Nathan H. Schumaker; Jason B. Dunham; Matthew L. Keefer; Peter Leinenbach; Allen Brookes; J. P. Palmer; Jennifer W. Wu; Druscilla Keenan; Joseph L. Ebersole,Fish migration; Chinook wind; Rainbow trout; Environmental science; Oncorhynchus; Habitat; Trout; Fishery; Fish <Actinopterygii>; Ecology; Biology,"Diadromous fish populations face multiple challenges along their migratory routes. These challenges include suboptimal water quality, harvest, and barriers to longitudinal and lateral connectivity. Interactions among factors influencing migration success make it challenging to assess management options for improving migratory fish conditions along riverine migration corridors. We describe a spatially explicit simulation model that integrates complex individual behaviors of fall-run Chinook Salmon (Oncorhynchus tshawytscha) and summer-run steelhead trout (O. mykiss) during migration, responds to variable habitat conditions over a large extent of the Columbia River, and links migration corridor conditions to fish condition outcomes. The model is built around a mechanistic behavioral decision tree that drives individual interactions of fish within their simulated environments. By simulating several thermalscapes with alternative scenarios of thermal refuge availability, we examined how behavioral thermoregulation in cold-water refuges influenced migrating fish conditions. Outcomes of the migration corridor simulation model show that cold-water refuges can provide relief from exposure to high water temperatures, but do not substantially contribute to energy conservation by migrating adults. Simulated cooling of the Columbia River decreased reliance on cold-water refuges and there were slight reductions in migratory energy expenditure. This modeling of simulated thermalscapes provides a framework for assessing the contribution of cold-water refuges to the success of migrating fishes, but any final determination will depend on analyzing fish survival and health for their entire migration, water temperature management goals and species recovery targets.",A5058709791,TRUE,,,,TRUE
https://openalex.org/W3012397683,Water Quality and Hydrologic Performance of Two Dry Detention Basins Receiving Highway Stormwater Runoff in the Piedmont Region of North Carolina,https://doi.org/10.1061/jswbay.0000915,2020,article,Austin D. Wissler; William F. Hunt; Richard A. McLaughlin,Environmental science; Surface runoff; Stormwater; Total suspended solids; Water quality; Hydrology (agriculture); Infiltration (HVAC); Pollutant; Suspended solids; Kjeldahl method; Nitrate; Environmental engineering; Chemical oxygen demand; Nitrogen; Chemistry; Ecology; Wastewater,"Dry detention basins (DDBs) are a stormwater control measure (SCM) designed to provide flood storage, peak discharge abatement, and some water quality improvement through sedimentation; however, little data characterize DDB water quality performance in the highway environment. In this study, two DDBs [Hughes Farm Road and Poole Road basin (HFR and PRB henceforth)], constructed in 2010, mowed twice a year, receiving highway runoff, and located in the Piedmont of North Carolina (NC), USA, were monitored for up to 11 months. Flow-weighted composite samples were collected during storm events and analyzed for total phosphorus (TP); ortho-phosphorus (OP); ammonia (NH3); nitrate-nitrite (NOX); total Kjeldahl nitrogen (TKN); total suspended solids (TSS); and total Cd, Cu, Pb, and Zn. Influent runoff concentrations were similar to other studies in NC, and the monitoring revealed significant concentration reductions for most constituents in HFR. PRB significantly reduced concentrations for all pollutants except TSS, particulate phosphorous, and NH3, while significantly exporting Zn. HFR exhibited soil infiltration that led to significant pollutant load reductions (LRs) for all analytes except Cu. PRB exhibited little infiltration but had significant LRs for dissolved nutrients. This study provides evidence that DDB inlet and outlet configuration and the presence of standing water may impact DDB water quality improvement.",A5044571864,TRUE,,,,TRUE
https://openalex.org/W2987250100,Wildfire impacts on hydrologic ecosystem services in North American high-latitude forests: A scoping review,https://doi.org/10.1016/j.jhydrol.2019.124360,2019,article,François‐Nicolas Robinne; Dennis W. Hallema; Kevin D. Bladon; J. M. Buttle,Watershed; Environmental science; Ecosystem services; Ecosystem health; Surface runoff; Hydrology (agriculture); Ecosystem; Aquatic ecosystem; Environmental resource management; Ecology; Geology,NA,A5031419714,FALSE,,,,TRUE
https://openalex.org/W2943441554,A Regional-Scale Index for Assessing the Exposure of Drinking-Water Sources to Wildfires,https://doi.org/10.3390/f10050384,2019,article,François‐Nicolas Robinne; Kevin D. Bladon; U. Silins; Monica B. Emelko; Mike Flannigan; Marc‐André Parisien; Xianli Wang; S. W. Kienzle; Diane Dupont,Environmental science; Water supply; Water quality; Water security; Population; Watershed; Total maximum daily load; Water resource management; Water resources; Environmental resource management; Environmental protection; Environmental engineering; Ecology; Environmental health,"Recent human-interface wildfires around the world have raised concerns regarding the reliability of freshwater supply flowing from severely burned watersheds. Degraded source water quality can often be expected after severe wildfire and can pose challenges to drinking water facilities by straining treatment response capacities, increasing operating costs, and jeopardizing their ability to supply consumers. Identifying source watersheds that are dangerously exposed to post-wildfire hydrologic changes is important for protecting community drinking-water supplies from contamination risks that may lead to service disruptions. This study presents a spatial index of watershed exposure to wildfires in the province of Alberta, Canada, where growing water demands coupled with increasing fire activity threaten municipal drinking-water supplies. Using a multi-criteria analysis design, we integrated information regarding provincial forest cover, fire danger, source water volume, source-water origin (i.e., forested/un-forested), and population served. We found that (1) >2/3 of the population of the province relies on drinking-water supplies originating in forested watersheds, (2) forest cover is the most important variable controlling final exposure scores, and (3) watersheds supplying small drinking water treatment plants are particularly exposed, especially in central Alberta. The index can help regional authorities prioritize the allocation of risk management resources to mitigate adverse impacts from wildfire. The flexible design of this tool readily allows its deployment at larger national and continental scales to inform broader water security frameworks.",A5031419714,FALSE,,,,TRUE
https://openalex.org/W2995845349,Runoff and sediment production from harvested hillslopes and the riparian area during high intensity rainfall events,https://doi.org/10.1016/j.jhydrol.2019.124452,2019,article,Kira C. Puntenney-Desmond; Kevin D. Bladon; U. Silins,Surface runoff; Riparian zone; Hydrology (agriculture); Intensity (physics); Environmental science; Sediment; Geology; Geomorphology; Geotechnical engineering; Ecology,NA,A5053407136,TRUE,,,,TRUE
https://openalex.org/W2957545833,Increased streamflow in catchments affected by a forest disease epidemic,https://doi.org/10.1016/j.scitotenv.2019.07.127,2019,article,Kevin D. Bladon; Sharon Bywater‐Reyes; Jared M. LeBoldus; Susanna Keriö; Catalina Segura; Gabriela Ritóková; David C. Shaw,Environmental science; Hydrology (agriculture); Surface runoff; Streamflow; Abiotic component; Interception; Transpiration; Ecohydrology; Evapotranspiration; Canopy interception; Canopy; Drainage basin; Ecosystem; Ecology; Soil water; Throughfall; Geology; Geography; Soil science; Biology,NA,A5028722255,TRUE,,,,TRUE
https://openalex.org/W2972761667,Prioritizing management goals for stream biological integrity within the developed landscape context,https://doi.org/10.1086/705996,2019,article,Marcus W. Beck; Raphael D. Mazor; Scott N. Johnson; Karin Wisenbaker; Joshua Westfall; Peter R. Ode; Ryan A. Hill; Chad Loflen; Martha Sutula; Eric D. Stein,Watershed; Context (archaeology); Biological integrity; Environmental science; Index of biological integrity; Environmental resource management; Land use; STREAMS; Watershed management; Hydrology (agriculture); Geography; Ecology; Computer science; Habitat,"Stream management goals for biological integrity may be difficult to achieve in developed landscapes where channel modification and other factors constrain in-stream conditions. To evaluate potential constraints on biological integrity, we developed a statewide landscape model for California that estimates ranges of likely scores for a macroinvertebrate-based index that are typical at a site with the observed level of landscape alteration. This context can support prioritization decisions for stream management, like identifying reaches for restoration or enhanced protection based on how observed scores relate to model predictions. Median scores were accurately predicted by the model for all sites in California with bioassessment data (Pearson correlation r = 0.75 between observed and predicted for calibration data, r = 0.72 for validation). The model also predicted that 15% of streams statewide are constrained for biological integrity within their present developed landscape, particularly for urban and agricultural areas in the South Coast, Central Valley, and Bay Area regions. We worked with a local stakeholder group from the San Gabriel River watershed (Los Angeles County, California) to evaluate how the statewide model could support local management decisions. To achieve this purpose, we created an interactive application, the Stream Classification and Priority Explorer, that compares observed scores with predictions from the landscape model to assign priorities. We observed model predictions consistent with the land-use gradient from the upper to lower watershed, where potential limits to achieving biological integrity were more common in the heavily-urbanized lower watershed. However, most of the sites in the lower watershed scored within their predicted ranges, and were therefore given a low priority for restoration. In contrast, 2 low-scoring sites in the undeveloped upper watershed were prioritized for causal assessment and possible future restoration, whereas 3 high-scoring sites were prioritized for protection. The availability of geospatial and bioassessment data at the national level suggests that these tools can easily be applied to inform management decisions at other locations where altered landscapes may limit biological integrity.",A5034159896,FALSE,,,,FALSE
https://openalex.org/W2946867753,Improving the performance of ecological indices by balancing reference site quality and representativeness,https://doi.org/10.1007/s10750-019-3970-3,2019,article,Kai Chen; John R. Olson; Jacob J. Vander Laan; Ryan A. Hill; Beixin Wang; Charles P. Hawkins,Representativeness heuristic; Metric (unit); Quality (philosophy); Statistics; Computer science; Watershed; Reference data; Index (typography); Water quality; Environmental science; Ecology; Data mining; Mathematics; Biology; Engineering; Operations management; Machine learning,NA,A5019804854,FALSE,,,,FALSE
https://openalex.org/W2946210406,Plant Species and Hydrology as Controls on Constructed Wetland Methane Fluxes,https://doi.org/10.2136/sssaj2018.11.0421,2019,article,Cain L Silvey; Karla M. Jarecke; Kristine N. Hopfensperger; Terrance D. Loecke; Amy J. Burgin,Mesocosm; Wetland; Environmental science; Hydrology (agriculture); Water table; Ecology; Nutrient; Biology; Geology; Groundwater,"Core Ideas Wetland plant species and site hydrology affect methane fluxes. Plant species effects were clearer under stable hydrology in mesocosm experiments. Species was not as important as the long‐term saturation pattern under variable field hydrologic conditions. Plants which emit methane under isolated mesocosm conditions do not necessarily do so under field conditions. Water table height and fluctuation may be a more dominant control over methane fluxes in wetland soils. Wetlands are the largest natural source of atmospheric methane (CH 4 ), a potent greenhouse gas. Hydrology and species composition are important controls on wetland CH 4 emissions. Few studies target interactive effects on CH 4 fluxes, but rather study variables in isolation. Therefore, we asked: How do hydrology and plant species interact to affect CH 4 fluxes from wetland soils? We measured CH 4 fluxes under stable water tables in mesocosms planted with Asclepias incarnata L. and mesocosms planted with Alisma triviale Pursh. We then tested the interactive effects in saturated and unsaturated restored field locations by measuring CH 4 fluxes from the plants and the surrounding soil. In mesocosms, CH 4 fluxes from A. incarnata were 8‐fold greater than fluxes from control (no plant) or A. triviale mesocosms. Alisma triviale mesocosms had higher CO 2 to CH 4 ratio (less methanogenic dominance) than control mesocosms but did not differ significantly from A. incarnata mesocosms. In the field, hydrology was the dominant control of CH 4 flux; both plant species produced approximately 10‐fold more CH 4 in saturated plots than in unsaturated plots. Incorporating hydrology and species composition into modeling will better predict CH 4 fluxes from wetland soils, which in turn could aid in designing restored wetlands that offset greenhouse gas emissions.",A5037825426,FALSE,,,,FALSE
https://openalex.org/W2990014896,Hydrologic and water quality performance of two aging and unmaintained dry detention basins receiving highway stormwater runoff,https://doi.org/10.1016/j.jenvman.2019.109853,2019,article,Austin D. Wissler; William F. Hunt; Richard A. McLaughlin,Surface runoff; Environmental science; Stormwater; Water quality; Hydrology (agriculture); Total suspended solids; Kjeldahl method; Suspended solids; Pollutant; Environmental engineering; Chemical oxygen demand; Nitrogen; Chemistry; Wastewater; Ecology,NA,A5044571864,TRUE,,,,TRUE
https://openalex.org/W2990886043,Modeling the persistence of viruses in untreated groundwater,https://doi.org/10.1016/j.scitotenv.2019.134599,2019,article,Kara Dean; Austin D. Wissler; J. Sebastian Hernandez‐Suarez; A. Pouyan Nejadhashemi; Jade Mitchell,Persistence (discontinuity); Groundwater; Linear model; Environmental science; Statistics; Contaminated groundwater; Bayesian probability; Econometrics; Mathematics; Contamination; Ecology; Environmental remediation; Engineering; Biology,NA,A5043044880,FALSE,,,,FALSE
https://openalex.org/W2797232962,Burned forests impact water supplies,https://doi.org/10.1038/s41467-018-03735-6,2018,article,Dennis W. Hallema; Ge Sun; Peter V. Caldwell; Steven P. Norman; Erika Cohen; Yongqiang Liu; Kevin D. Bladon; Steven G. McNulty,Environmental science; Temperate climate; Arid; Subtropics; Drainage basin; Streamflow; Climate change; Water resources; Disturbance (geology); Resource (disambiguation); Temperate rainforest; Hydrology (agriculture); Water resource management; Geography; Ecology; Geology; Ecosystem,"Wildland fire impacts on surface freshwater resources have not previously been measured, nor factored into regional water management strategies. But, large wildland fires are increasing and raise concerns about fire impacts on potable water. Here we synthesize long-term records of wildland fire, climate, and river flow for 168 locations across the United States. We show that annual river flow changed in 32 locations, where more than 19% of the basin area was burned. Wildland fires enhanced annual river flow in the western regions with a warm temperate or humid continental climate. Wildland fires increased annual river flow most in the semi-arid Lower Colorado region, in spite of frequent droughts in this region. In contrast, prescribed burns in the subtropical Southeast did not significantly alter river flow. These extremely variable outcomes offer new insights into the potential role of wildfire and prescribed fire in regional water resource management, under a changing climate.",A5030625789,FALSE,,,,TRUE
https://openalex.org/W2883356048,Water sustainability and watershed storage,https://doi.org/10.1038/s41893-018-0099-8,2018,article,Jeffrey J. McDonnell; Jaivime Evaristo; Kevin D. Bladon; J. M. Buttle; Irena F. Creed; Salli F. Dymond; Gordon E. Grant; Andrés Iroumé; C. Rhett Jackson; Julia Jones; Thomas C. Maness; K. J. McGuire; David F. Scott; Catalina Segura; Roy C. Sidle; C. Tague,Watershed; Sustainability; Watershed management; Environmental science; Environmental resource management; Work (physics); Water storage; Water resource management; Environmental planning; Business; Hydrology (agriculture); Computer science; Engineering; Ecology,NA,A5051882418,FALSE,,,,TRUE
https://openalex.org/W2803407019,Reframing the Challenge of Global Wildfire Threats to Water Supplies,https://doi.org/10.1029/2018ef000867,2018,article,Dennis W. Hallema; François‐Nicolas Robinne; Kevin D. Bladon,Environmental science; Resilience (materials science); Cognitive reframing; Water security; Environmental resource management; Water supply; Natural resource economics; Water resource management; Water resources; Environmental engineering; Ecology,"The timing, extent, and severity of forest wildfires have increased in many parts of the world in recent decades. These wildfires can have substantial and devastating impacts on water supply, ecohydrological systems, and sociohydrosystems. Existing frameworks to assess the magnitude and spatial extent of these effects generally focus on local processes or services and are not readily transferable to other regions. However, there is a growing need for regional, continental, and global scale indices to assess the potential effect of wildfires on freshwater availability and water supply resilience. Such indices must consider both the individual and compound effects of wildfires. In so doing, this will enable comprehensive insights on the water security paradigm and the value of hydrological services in fire‐affected areas around the globe.",A5030625789,FALSE,,,,TRUE
https://openalex.org/W2791537167,Rethinking wildfires and forest watersheds,https://doi.org/10.1126/science.aar8120,2018,article,Kevin D. Bladon,Environmental science; Forestry; Geography,34025MetricsTotal Downloads340Last 6 Months34Last 12 Months86Total Citations25Last 6 Months4Last 12 Months5View all metrics,A5028722255,TRUE,,,,TRUE
https://openalex.org/W2810428288,Relative Influence of Landscape Variables and Discharge on Suspended Sediment Yields in Temperate Mountain Catchments,https://doi.org/10.1029/2017wr021728,2018,article,Sharon Bywater‐Reyes; Kevin D. Bladon; Catalina Segura,Sediment; Hydrology (agriculture); Environmental science; Watershed; Drainage basin; Temperate climate; Flood myth; Spatial variability; Ecology; Geology; Geography; Geomorphology,"Suspended sediment is an important regulator of stream habitat quality but notoriously difficult to predict and regulate. This difficulty arises because of high natural variability in suspended sediment yield in space and time. Here we quantified associations between suspended sediment yields and discharge, watershed setting (i.e., physiography and lithology), and disturbance history for 10 temperate mountain watersheds (8.5–6,242 ha) in the U.S. Pacific Northwest (H.J. Andrews Long‐Term Ecological Research, LTER) over an ~60‐year period. Annual suspended sediment yields varied almost 4 orders of magnitude across space and time. A linear mixed effects model indicated that much of the variation in yields could be explained by the random effect of site (conditionalR2 = 0.74) with additional variation explained by the fixed effects (marginalR2 = 0.67) of cumulative annual discharge (p < 0.001) and the variability (standard deviation) of watershed slope (p < 0.001). Two annual sediment yield data points were model outliers, that each occurred within a decade after forest management activities and a large‐magnitude storm event at sites with high variability of catchment slope. Other sites had low sediment yields for a range of conditions, including management or flood disturbance. Taken together, our study shows that watersheds with high slope variability have higher suspended sediment yields and may be more vulnerable to increases in sediment yields following disturbances.",A5011808851,TRUE,,,,TRUE
https://openalex.org/W2757818073,The influence of a vegetated bar on channel-bend flow dynamics,https://doi.org/10.5194/esurf-6-487-2018,2018,article,Sharon Bywater‐Reyes; Rebecca M. Diehl; Andrew C. Wilcox,Hydraulics; Point bar; Geology; Vegetation (pathology); Beach morphodynamics; Riparian zone; Hydrology (agriculture); Supercritical flow; Flow (mathematics); Bank erosion; Flow velocity; Froude number; Open-channel flow; Bank; Geomorphology; Sediment transport; Geotechnical engineering; Fluvial; Geometry; Erosion; Sediment; Ecology; Structural basin; Engineering,"Point bars influence hydraulics, morphodynamics, and channel geometry in alluvial rivers. Woody riparian vegetation often establishes on point bars and may cause changes in channel-bend hydraulics as a function of vegetation density, morphology, and flow conditions. We used a two-dimensional hydraulic model that accounts for vegetation drag to predict how channel-bend hydraulics are affected by vegetation recruitment on a point bar in a gravel-bed river (Bitterroot River, Montana, United States). The calibrated model shows steep changes in flow hydraulics with vegetation compared to bare-bar conditions for flows greater than bankfull up to a 10-year flow ( Q 10 ), with limited additional changes thereafter. Vegetation morphology effects on hydraulics were more pronounced for sparse vegetation compared to dense vegetation. The main effects were (1) reduced flow velocities upstream of the bar, (2) flow steered away from the vegetation patch with up to a 30 % increase in thalweg velocity, and (3) a shift of the high-velocity core of flow toward the cut bank, creating a large cross-stream gradient in streamwise velocity. These modeled results are consistent with a feedback in channels whereby vegetation on point bars steers flow towards the opposite bank, potentially increasing bank erosion at the mid- and downstream ends of the bend while simultaneously increasing rates of bar accretion.",A5011808851,TRUE,,,,TRUE
https://openalex.org/W2891888323,"Modelling of ultraviolet light inactivation kinetics of methicillin-resistantStaphylococcus aureus, vancomycin-resistantEnterococcus,Clostridium difficilespores and murine norovirus on fomite surfaces",https://doi.org/10.1111/jam.14103,2018,article,Jade Mitchell; Laura Y. Sifuentes; Austin D. Wissler; S. Abd-Elmaksoud; Gerardo U. Lopez; C.P. Gerba,Microbiology; Murine norovirus; Staphylococcus aureus; Spore; Enterococcus faecalis; Bacteria; Clostridium difficile; Enterococcus; Norovirus; Clostridium; Enterococcus faecium; Biology; Ultraviolet light; Methicillin-resistant Staphylococcus aureus; Vancomycin; Chemistry; Virus; Virology; Antibiotics,"Quantitative data on the doses needed to inactivate micro‐organisms on fomites are not available for ultraviolet applications. The goal of this study was to determine the doses of UV light needed to reduce bacteria and murine norovirus (MNV) on hard surface fomites through experimentation and to identify appropriate models for predicting targeted levels of reduction. Stainless steel and Formica laminate coupons were selected as they are common surfaces found in healthcare settings. Test organisms included methicillin‐resistant Staphylococcus aureus (MRSA), vancomycin‐resistant Enterococcus (VRE), Clostridium difficile and MNV. The fomites were inoculated with 105–107 bacteria or virus and exposed to a range of UV doses. The order of resistance to UV irradiation was virus, bacterial spore and vegetative cell. The best fitting inactivation curves suggested nonlinear responses to increasing doses after a 3–4 log reduction in the test organisms. The average UV doses required for a 3 log reduction in the C. difficile, MRSA and VRE were 16 000, 6164 and 11 228 (mJ‐s cm−2) for stainless steel, respectively, and 16 000, 11 727 and 12 441 (mJ‐s cm−2) for Formica laminate, respectively. Higher UV light doses are required to inactivate bacteria and viruses on hard surfaces than in suspension. Greater doses are needed to inactivate bacterial spores and MNV compared to vegetative bacteria. Quantitative data and models on UV light doses needed to inactivate bacteria and MNV on hard surfaces are now available. The generalizable results of this study can be used to estimate required UV dosages to achieve targeted levels of inactivation based on estimated levels of contamination or to support quantitative microbial risk assessments.",A5073355904,FALSE,,,,TRUE
https://openalex.org/W2752972743,A spatial evaluation of global wildfire-water risks to human and natural systems,https://doi.org/10.1016/j.scitotenv.2017.08.112,2017,article,François‐Nicolas Robinne; Kevin D. Bladon; Carol Miller; Marc‐André Parisien; Jérôme Mathieu; Mike Flannigan,Water security; Safeguarding; Vulnerability (computing); Environmental resource management; Environmental science; Water resources; Work (physics); Natural disaster; Water quality; Environmental planning; Natural hazard; Risk assessment; Water supply; Environmental protection; Business; Water resource management; Geography; Environmental engineering; Computer science; Ecology; Engineering; Computer security,NA,A5031419714,FALSE,,,,TRUE
https://openalex.org/W2607302959,Regional patterns of postwildfire streamflow response in the Western United States: The importance of scale‐specific connectivity,https://doi.org/10.1002/hyp.11208,2017,article,Dennis W. Hallema; Ge Sun; Kevin D. Bladon; Steven P. Norman; Peter V. Caldwell; Yongqiang Liu; Steven G. McNulty,Streamflow; Environmental science; Evapotranspiration; Hydrology (agriculture); Snowmelt; Climate change; Mediterranean climate; Precipitation; Watershed; STREAMS; Surface runoff; Drainage basin; Ecology; Geography; Geology,"Wildfires can impact streamflow by modifying net precipitation, infiltration, evapotranspiration, snowmelt, and hillslope run‐off pathways. Regional differences in fire trends and postwildfire streamflow responses across the conterminous United States have spurred concerns about the impact on streamflow in forests that serve as water resource areas. This is notably the case for the Western United States, where fire activity and burn severity have increased in conjunction with climate change and increased forest density due to human fire suppression. In this review, we discuss the effects of wildfire on hydrological processes with a special focus on regional differences in postwildfire streamflow responses in forests. Postwildfire peak flows and annual water yields are generally higher in regions with a Mediterranean or semi‐arid climate (Southern California and the Southwest) compared to the highlands (Rocky Mountains and the Pacific Northwest), where fire‐induced changes in hydraulic connectivity along the hillslope results in the delivery of more water, more rapidly to streams. No clear streamflow response patterns have been identified in the humid subtropical Southeastern United States, where most fires are prescribed fires with a low burn severity, and more research is needed in that region. Improved assessment of postwildfire streamflow relies on quantitative spatial knowledge of landscape variables such as prestorm soil moisture, burn severity and correlations with soil surface sealing, water repellency, and ash deposition. The latest studies furthermore emphasize that understanding the effects of hydrological processes on postwildfire dynamic hydraulic connectivity, notably at the hillslope and watershed scales, and the relationship between overlapping disturbances including those other than wildfire is necessary for the development of risk assessment tools.",A5030625789,FALSE,,,,TRUE
https://openalex.org/W2603668508,Geology and geomorphology control suspended sediment yield and modulate increases following timber harvest in temperate headwater streams,https://doi.org/10.1016/j.jhydrol.2017.03.048,2017,article,Sharon Bywater‐Reyes; Catalina Segura; Kevin D. Bladon,STREAMS; Hydrology (agriculture); Lithology; Sediment; Drainage basin; Geology; Watershed; Bedrock; Sedimentary rock; Structural basin; Temperate climate; Geomorphology; Ecology; Geochemistry; Geography,NA,A5011808851,TRUE,,,,TRUE
https://openalex.org/W2765407362,Effects of contemporary forest harvesting on suspended sediment in the Oregon Coast Range: Alsea Watershed Study Revisited,https://doi.org/10.1016/j.foreco.2017.10.049,2017,article,J. A. Hatten; Catalina Segura; Kevin D. Bladon; V. Cody Hale; George G. Ice; John D. Stednick,Watershed; Environmental science; Riparian zone; Nonpoint source pollution; Water quality; Hydrology (agriculture); Sediment; Watershed management; Forest management; Erosion; Erosion control; Riparian forest; Riparian buffer; Surface runoff; Habitat; Ecology; Agroforestry; Geology,NA,A5036431174,FALSE,,,,TRUE
https://openalex.org/W2772810887,A multicatchment analysis of headwater and downstream temperature effects from contemporary forest harvesting,https://doi.org/10.1002/hyp.11415,2017,article,Kevin D. Bladon; Catalina Segura; Nicholas A. Cook; Sharon Bywater‐Reyes; Maryanne Reiter,Environmental science; Preharvest; Hydrology (agriculture); STREAMS; Watershed; Ecosystem; Habitat; Ecology; Postharvest; Geology; Biology,"Stream temperature is a key physical water‐quality parameter, controlling many biological, chemical, and physical processes in aquatic ecosystems. Maintenance of cool stream temperatures during summer is critical for high‐quality aquatic habitat. As such, transmission of warm water from small, nonfish‐bearing headwater streams after forest harvesting could cause warming in downstream fish‐bearing stream reaches with negative consequences. In this study, we evaluate (a) the effects of contemporary forest management practices on stream temperature in small, headwater streams, (b) the transmission of thermal signals from headwater reaches after harvesting to downstream fish‐bearing reaches, and (c) the relative role of lithology and forest management practices in influencing differential thermal responses in both the headwater and downstream reaches. We measured summer stream temperatures both preharvest and postharvest at 29 sites—12 upstream sites (4 reference, 8 harvested) and 17 downstream sites (5 reference, 12 harvested)—across 3 paired watershed studies in western Oregon. The 7‐day moving average of daily maximum stream temperature (T7DAYMAX) was greater during the postharvest period relative to the preharvest period at 7 of the 8 harvested upstream sites. Although theT7DAYMAXwas generally warmer in the downstream direction at most of the stream reaches during both the preharvest and postharvest period, there was no evidence for additional downstream warming related to the harvesting activity. Rather, theT7DAYMAXcooled rapidly as stream water flowed into forested reaches ~370–1,420 m downstream of harvested areas. Finally, the magnitude of effects of contemporary forest management practices on stream temperature increased with the proportion of catchment underlain by more resistant lithology at both the headwater and downstream sites, reducing the potential for the cooling influence of groundwater.",A5028722255,TRUE,,,,TRUE
https://openalex.org/W2616070863,Multiscale influence of woody riparian vegetation on fluvial topography quantified with ground‐based and airborne lidar,https://doi.org/10.1002/2016jf004058,2017,article,Sharon Bywater‐Reyes; Andrew C. Wilcox; Rebecca M. Diehl,Riparian zone; Lidar; Fluvial; Vegetation (pathology); Remote sensing; Environmental science; Geology; Hydrology (agriculture); Geomorphology; Geotechnical engineering; Ecology,"Coupling between riparian vegetation and river processes can result in the coevolution of plant communities and channel morphology. Quantifying biotic-abiotic interactions remains difficult because of the challenges in making and analyzing appropriately scaled observations. We measure the influence of woody vegetation on channel topography at the patch and reach scales in a sand bed, dryland river system (Santa Maria River, Arizona) with native Populus and invasive Tamarix. At the patch scale, we use ground-based lidar to relate plant morphology to “tail bars” formed in the lee of vegetation. We find vegetation roughness density (λf) to most influence tail-bar shape and size, suggesting coherent flow structures associated with roughness density are responsible for sediment deposition at this scale. Using airborne lidar, we test whether relationships between topography and vegetation morphology observed at the patch scale are persistent at the reach scale. We find that elevation of the channel (relative to the local mean) covaries with a metric of vegetation density, indicating analogous influences of vegetation density on topography across spatial scales. While these results are expected, our approach provides insight regarding interactions between woody riparian vegetation and channel topography at multiple scales, and a means to quantify such interactions for use in other field settings.",A5011808851,TRUE,,,,TRUE
https://openalex.org/W2617063081,Tracking the downstream impacts of inadequate sanitation in central Appalachia,https://doi.org/10.2166/wh.2017.005,2017,article,Jacob Rothberg Cantor; Leigh‐Anne Krometis; Emily Sarver; Nicholas A. Cook; Brian D. Badgley,Source tracking; Sanitation; Appalachia; Fecal coliform; Environmental science; Indicator bacteria; STREAMS; Contamination; Rural area; Enterococcus; Downstream (manufacturing); Bacteroides; Environmental health; Environmental engineering; Biology; Microbiology; Business; Ecology; Water quality; Medicine; Bacteria,"Poor sanitation in rural infrastructure is often associated with high levels of fecal contamination in adjacent surface waters, which presents a community health risk. Although microbial source tracking techniques have been widely applied to identify primary remediation needs in urban and/or recreational waters, use of human-specific markers has been more limited in rural watersheds. This study quantified the human source tracking marker Bacteroides-HF183, along with more general fecal indicators (i.e. culturable Escherichia coli and a molecular Enterococcus marker), in two Appalachian streams above and below known discharges of untreated household waste. Although E. coli and Enterococcus were consistently recovered in samples collected from both streams, Bacteroides-HF183 was only detected sporadically in one stream. Multiple linear regression analysis demonstrated a positive correlation between the concentration of E. coli and the proximity and number of known waste discharge points upstream; this correlation was not significant with respect to Bacteroides-HF183, likely due to the low number of quantifiable samples. These findings suggest that, while the application of more advanced source targeting strategies can be useful in confirming the influence of substandard sanitation on surface waters to justify infrastructure improvements, they may be of limited use without concurrent traditional monitoring targets and on-the-ground sanitation surveys.",A5021834112,FALSE,,,,TRUE
https://openalex.org/W2237347042,A Global Index for Mapping the Exposure of Water Resources to Wildfire,https://doi.org/10.3390/f7010022,2016,article,François‐Nicolas Robinne; Carol Miller; Marc‐André Parisien; Monica B. Emelko; Kevin D. Bladon; U. Silins; Mike Flannigan,Environmental science; Shrubland; Ecosystem; Disturbance (geology); Water cycle; Latitude; Index (typography); Scale (ratio); Physical geography; Resource (disambiguation); Global change; Environmental resource management; Water resource management; Ecology; Geography; Climate change; Computer science; Cartography; Biology,"Wildfires are keystone components of natural disturbance regimes that maintain ecosystem structure and functions, such as the hydrological cycle, in many parts of the world. Consequently, critical surface freshwater resources can be exposed to post-fire effects disrupting their quantity, quality and regularity. Although well studied at the local scale, the potential extent of these effects has not been examined at the global scale. We take the first step toward a global assessment of the wildfire water risk (WWR) by presenting a spatially explicit index of exposure. Several variables related to fire activity and water availability were identified and normalized for use as exposure indicators. Additive aggregation of those indicators was then carried out according to their individual weight. The resulting index shows the greatest exposure risk in the tropical wet and dry forests. Intermediate exposure is indicated in mountain ranges and dry shrublands, whereas the lowest index scores are mostly associated with high latitudes. We believe that such an approach can provide important insights for water security by guiding global freshwater resource preservation.",A5031419714,FALSE,,,,TRUE
https://openalex.org/W2511468137,A catchment-scale assessment of stream temperature response to contemporary forest harvesting in the Oregon Coast Range,https://doi.org/10.1016/j.foreco.2016.08.021,2016,article,Kevin D. Bladon; Nicholas A. Cook; Jeffrey T. Light; Catalina Segura,Riparian zone; Environmental science; Hydrology (agriculture); Riparian forest; STREAMS; Watershed; Vegetation (pathology); Drainage basin; Canopy; Forest management; Ecology; Geography; Agroforestry; Habitat; Geology,NA,A5028722255,TRUE,,,,TRUE
https://openalex.org/W2328593598,Southern Rockies Watershed Project,https://doi.org/10.5558/tfc2016-012,2016,article,U. Silins; A. Anderson; Kevin D. Bladon; Monica B. Emelko; Micheal Stone; Sheena A. Spencer; C. Williams; Michael J. Wagner; Amanda M. Martens; Kirk Hawthorn,Watershed; Biogeochemistry; Disturbance (geology); Drainage basin; Hydrology (agriculture); Environmental science; Resource (disambiguation); Structural basin; Ecology; Geography; Geology; Geomorphology; Biology,"The Southern Rockies Watershed Project was initiated in 2003 to describe the impacts of severe natural disturbance by wildfire on a broad range of headwaters, larger river basin scale, and downstream water resources (Phase I). This watershed research is unique in that trans-disciplinary linkages between hydrology, biogeochemistry, aquatic ecology, downstream river basin processes, implications for human water use, and economic implications are providing broad insights into wildfire effects on water. A second phase of the research (Phase II) focuses on evaluating the effects of several alternative forest harvesting practices on these same water resource “values”. Collectively, this research is providing comprehensive information on watershed function after forest disturbance in Rocky Mountain watersheds.",A5087821057,FALSE,,,,TRUE
https://openalex.org/W2310745965,Long-term Watershed Research in Alberta,https://doi.org/10.5558/tfc2016-001,2016,article,Sheena A. Spencer; A. Anderson; Kevin D. Bladon,Term (time); Watershed; Environmental science; Geography; Forestry; Computer science; Physics,NA,A5087687292,FALSE,,,,TRUE
https://openalex.org/W2232713635,Coupled soil oxygen and greenhouse gas dynamics under variable hydrology,https://doi.org/10.1016/j.soilbio.2015.12.018,2016,article,Karla M. Jarecke; Terrance D. Loecke; Amy J. Burgin,Greenhouse gas; Biogeochemical cycle; Environmental science; Soil water; Soil gas; Soil carbon; Soil science; Soil horizon; Hydrology (agriculture); Environmental chemistry; Chemistry; Ecology; Geology,NA,A5078793960,TRUE,,,,TRUE
https://openalex.org/W2127016607,Sediment‐phosphorus dynamics can shift aquatic ecology and cause downstream legacy effects after wildfire in large river systems,https://doi.org/10.1111/gcb.13073,2015,article,Monica B. Emelko; Micheal Stone; U. Silins; Don Allin; Adrian L. Collins; C. Williams; Amanda M. Martens; Kevin D. Bladon,Tributary; Environmental science; Sediment; Phosphorus; Hydrology (agriculture); Drainage basin; Particulates; Water quality; Aquatic ecosystem; Ecology; Geology; Chemistry; Biology; Geomorphology; Geography,"Global increases in the occurrence of large, severe wildfires in forested watersheds threaten drinking water supplies and aquatic ecology. Wildfire effects on water quality, particularly nutrient levels and forms, can be significant. The longevity and downstream propagation of these effects as well as the geochemical mechanisms regulating them remain largely undocumented at larger river basin scales. Here, phosphorus (P) speciation and sorption behavior of suspended sediment were examined in two river basins impacted by a severe wildfire in southern Alberta, Canada. Fine-grained suspended sediments (<125 μm) were sampled continuously during ice-free conditions over a two-year period (2009-2010), 6 and 7 years after the wildfire. Suspended sediment samples were collected from upstream reference (unburned) river reaches, multiple tributaries within the burned areas, and from reaches downstream of the burned areas, in the Crowsnest and Castle River basins. Total particulate phosphorus (TPP) and particulate phosphorus forms (nonapatite inorganic P, apatite P, organic P), and the equilibrium phosphorus concentration (EPC0 ) of suspended sediment were assessed. Concentrations of TPP and the EPC0 were significantly higher downstream of wildfire-impacted areas compared to reference (unburned) upstream river reaches. Sediments from the burned tributary inputs contained higher levels of bioavailable particulate P (NAIP) - these effects were also observed downstream at larger river basin scales. The release of bioavailable P from postfire, P-enriched fine sediment is a key mechanism causing these effects in gravel-bed rivers at larger basin scales. Wildfire-associated increases in NAIP and the EPC0 persisted 6 and 7 years after wildfire. Accordingly, this work demonstrated that fine sediment in gravel-bed rivers is a significant, long-term source of in-stream bioavailable P that contributes to a legacy of wildfire impacts on downstream water quality, aquatic ecology, and drinking water treatability.",A5025209573,FALSE,,,,TRUE
https://openalex.org/W1689565907,Setting up a hydrological model of Alberta: Data discrimination analyses prior to calibration,https://doi.org/10.1016/j.envsoft.2015.09.006,2015,article,Monireh Faramarzi; Raghavan Srinivasan; Majid Iravani; Kevin D. Bladon; Karim C. Abbaspour; Alexander J. B. Zehnder; Greg G. Goss,Calibration; Hydrological modelling; Scale (ratio); Soil and Water Assessment Tool; Environmental science; Hydrology (agriculture); Computer science; SWAT model; Data mining; Statistics; Climatology; Geology; Machine learning; Mathematics; Cartography; Drainage basin; Geotechnical engineering; Geography; Streamflow,NA,A5080071769,FALSE,,,,TRUE
https://openalex.org/W1949603209,Flow and scour constraints on uprooting of pioneer woody seedlings,https://doi.org/10.1002/2014wr016641,2015,article,Sharon Bywater‐Reyes; Andrew C. Wilcox; John C. Stella; A. Lightbody,Seedling; Riparian zone; Tamarix; Hydrology (agriculture); Drag; Flood myth; Substrate (aquarium); Environmental science; Geology; Geotechnical engineering; Ecology; Agronomy; Geography; Biology; Physics; Mechanics,"Scour and uprooting during flood events is a major disturbance agent that affects plant mortality rates and subsequent vegetation composition and density, setting the trajectory of physical‐biological interactions in rivers. During flood events, riparian plants may be uprooted if they are subjected to hydraulic drag forces greater than their resisting force. We measured the resisting force of woody seedlings established on river bars with in situ lateral pull tests that simulated flood flows with and without substrate scour. We quantified the influence of seedling size, species ( Populus and Tamarix ), water‐table depth, and scour depth on resisting force. Seedling size and resisting force were positively related with scour depth and water‐table depth—a proxy for root length—exerting strong and opposing controls on resisting force. Populus required less force to uproot than Tamarix , but displayed a greater increase in uprooting force with seedling size. Further, we found that calculated mean velocities required to uproot seedlings were greater than modeled flood velocities under most conditions. Only when plants were either shallowly rooted or subjected to substrate scour (≥0.3 m) did the calculated velocities required for uprooting decrease to within the range of modeled flood velocities, indicating that drag forces alone are unlikely to uproot seedlings in the absence of extreme events or bar‐scale sediment transport. Seedlings on river bars are most resilient to uprooting when they are large, deeply rooted, and unlikely to experience substrate scour, which has implications for ecogeomorphic evolution and river management.",A5011808851,TRUE,,,,TRUE
https://openalex.org/W1914579625,Habitat and water quality as drivers of ecological system health in Central Appalachia,https://doi.org/10.1016/j.ecoleng.2015.09.006,2015,article,Nicholas A. Cook; Emily Sarver; Leigh‐Anne Krometis; Jian Huang,Habitat; Riparian zone; Environmental science; Water quality; Ecology; Vegetation (pathology); Restoration ecology; Benthic zone; Hydrology (agriculture); Biology; Geology,NA,A5112379240,TRUE,,,,TRUE
https://openalex.org/W2052833279,Putting Corporate Social Responsibility to Work in Mining Communities: Exploring Community Needs for Central Appalachian Wastewater Treatment,https://doi.org/10.3390/resources4020185,2015,article,Nicholas A. Cook; Emily Sarver; Leigh‐Anne Krometis,Work (physics); Appalachia; Mining industry; Corporate social responsibility; Community development; Community work; Business; Wastewater; West virginia; Environmental planning; Environmental resource management; Public relations; Economic growth; Engineering; Environmental science; Economics; Mining engineering; Geography; Political science; Waste management; Archaeology; Geology,"Due to the finite nature of non-renewable mineral and energy resources such as coal, resource extraction is inherently unsustainable; however, mining and related activities can contribute to sustainable development. Indeed, the principles of corporate social responsibility (CSR) require that mine operators design and conduct their activities in ways that provide for net positive impacts on surrounding communities and environments. In Central Appalachia, there appears to be a particularly ripe opportunity for the coal industry to put CSR to work: participation in sustainable solutions to the long-standing problem of inadequately treated wastewater discharges—which not only represent a potential human health hazard, but also contribute to the relatively high incidence of bacterial impairments in surface waters in the region. In this paper, we outline the underlying factors of this problem and the advantages of industry-aided solutions in a region where limited economic and technical resources are not always aligned with social and environmental needs. We also suggest a framework for problem-solving, which necessarily involves all interested stakeholders, and identify the primary challenges that must be overcome in pursuit of sustainable solutions.",A5112379240,TRUE,,,,TRUE
https://openalex.org/W304841223,Inorganic constituents of conductivity in five central Appalachian watersheds with mixed source-driven pollutants,https://doi.org/10.1016/j.ecoleng.2015.04.090,2015,article,Nicholas A. Cook; Leigh‐Anne Krometis; Emily Sarver; Jian Huang,Watershed; Surface mining; Pollution; Environmental science; STREAMS; Coal mining; Pollutant; Environmental remediation; Nonpoint source pollution; Resource (disambiguation); Hydrology (agriculture); Mining engineering; Ecology; Contamination; Geology; Geography; Coal; Archaeology,NA,A5112379240,TRUE,,,,TRUE
https://openalex.org/W2120961352,"Five‐year legacy of wildfire and salvage logging impacts on nutrient runoff and aquatic plant, invertebrate, and fish productivity",https://doi.org/10.1002/eco.1474,2014,article,U. Silins; Kevin D. Bladon; Erin N. Kelly; Evan D. Esch; John R. Spence; Micheal Stone; Monica B. Emelko; Sarah Boon; Michael J. Wagner; C. Williams; Ian Tichkowsky,Environmental science; Benthic zone; Invertebrate; Biomass (ecology); Productivity; Ecology; Trophic level; STREAMS; Trout; Biota; Periphyton; Nutrient; Fishery; Biology; Fish <Actinopterygii>,"Ecohydrological linkages between phosphorus (P) production, stream algae, benthic invertebrate, and fish communities were studied for 4 years after severe wildfire in the Rocky Mountains (Alberta, Canada). Mean concentrations of all forms of P (soluble reactive, total dissolved, particulate, and total) were 2 to 13 times greater in burned and post‐fire salvage‐logged streams than in unburned streams ( p < 0.001). Post‐disturbance recovery of P was slow with differences in P‐discharge relationships still evident 5 years after the fire ( p < 0.001). Coupled P and sediment interactions were likely responsible for slow recovery of P regimes in fire‐disturbed watersheds. P loading was associated with strong ecological responses in stream biota. Annual algal productivity was 5 to 71 times greater in streams within burned watersheds than in reference watersheds and persisted for 5 years after the fire ( p < 0.001). Elevated algal production was associated with strong differences in benthic invertebrate community structure, including greater invertebrate densities, biomass, species diversity, and shifts in species composition. Monotonic shifts in invertebrate stable carbon and nitrogen isotope ratios indicated increased consumption of autochthonous food sources and effects on energy pathways for invertebrates from fire‐affected streams. Wildfire‐related changes at lower trophic lead to increases in size (weight and length) and growth rate (weight : age ratios) of cutthroat trout ( Oncorhynchus clarki ). This cascading series of effects of wildfire on stream productivity (primary production, secondary invertebrate consumers, and fish) may be long‐lived legacies of wildfire because of the slow recovery of P regimes. Copyright © 2014 John Wiley & Sons, Ltd.",A5087821057,FALSE,,,,TRUE
https://openalex.org/W2036032797,Catchment-scale stream temperature response to land disturbance by wildfire governed by surface–subsurface energy exchange and atmospheric controls,https://doi.org/10.1016/j.jhydrol.2014.05.006,2014,article,Michael J. Wagner; Kevin D. Bladon; U. Silins; C. Williams; Amanda M. Martens; Sarah Boon; Ryan J. MacDonald; Micheal Stone; Monica B. Emelko; A. Anderson,STREAMS; Environmental science; Hydrology (agriculture); Disturbance (geology); Watershed; Drainage basin; Groundwater; Streamflow; Baseflow; Advection; Geology; Geography; Geomorphology,NA,A5102970498,FALSE,,,,TRUE
https://openalex.org/W1684809084,Iron is not responsible for Didymosphenia geminata bloom formation in phosphorus-poor rivers,https://doi.org/10.1139/f2012-112,2012,article,Max L. Bothwell; Cathy Kilroy; Brad W. Taylor; Eric T. Ellison; Daniel James; Carole‐Anne Gillis; Kevin D. Bladon; U. Silins,Bloom; Phosphorus; Diatom; Algal bloom; Ferrous; Ecology; Benthic zone; Environmental science; Biology; Red tide; Nutrient; Oceanography; Phytoplankton; Chemistry,"Blooms of the river benthic diatom Didymosphenia geminata are an enigma because they occur under phosphorus-poor conditions. A recent proposal that ferric–ferrous iron redox shifts sequester the additional phosphorus needed to stimulate and sustain D. geminata blooms does not agree with published experimental data showing that blooms only occur when cells are phosphorus-limited. The “iron hypothesis” also infers that blooms would be favoured in rivers with elevated iron, and management should target iron. Surveys of rivers around the world affected by D. geminata show that blooms most often occur in iron-poor rivers. Phosphorus uptake experiments conducted under realistic environmental conditions with living D. geminata colonies showed no effect of iron enrichment on phosphorus uptake. Iron does not solve the mystery of D. geminata growth causing nuisance blooms worldwide.",A5112299114,FALSE,,,,TRUE
https://openalex.org/W2151661272,Implications of land disturbance on drinking water treatability in a changing climate: Demonstrating the need for “source water supply and protection” strategies,https://doi.org/10.1016/j.watres.2010.08.051,2010,article,Monica B. Emelko; U. Silins; Kevin D. Bladon; Micheal Stone,Disturbance (geology); Environmental science; Water supply; Water treatment; Environmental engineering; Water source; Water resource management; Waste management; Engineering; Biology,NA,A5025209573,FALSE,,,,TRUE
https://openalex.org/W2090543918,"Sediment production following severe wildfire and post-fire salvage logging in the Rocky Mountain headwaters of the Oldman River Basin, Alberta",https://doi.org/10.1016/j.catena.2009.04.001,2009,article,U. Silins; Micheal Stone; Monica B. Emelko; Kevin D. Bladon,Salvage logging; Snowmelt; Baseflow; Hydrology (agriculture); Logging; Sediment; Drainage basin; Environmental science; Surface runoff; Disturbance (geology); Streamflow; STREAMS; Geology; Physiographic province; Snow; Forestry; Geomorphology; Ecosystem; Ecology; Forest ecology; Geography,NA,A5087821057,FALSE,,,,TRUE
https://openalex.org/W2041387722,Wildfire impacts on nitrogen concentration and production from headwater streams in southern Alberta’s Rocky Mountains,https://doi.org/10.1139/x08-071,2008,article,Kevin D. Bladon; U. Silins; Michael J. Wagner; Micheal Stone; Monica B. Emelko; C. A. Mendoza; K. J. Devito; Sarah Boon,Snowmelt; STREAMS; Environmental science; Hydrology (agriculture); Watershed; Nitrogen; Nitrate; Precipitation; Surface runoff; Ecology; Chemistry; Geography; Geology; Biology,"The objective of this study was to examine initial effects of the 2003 Lost Creek wildfire (southwestern Rocky Mountains of Alberta) on concentrations and production (yield and total export) of several nitrogen (N) forms, and to explore initial recovery of these effects within the first 3 years after the fire. During the first postfire year, nitrate (NO3–), dissolved organic nitrogen (DON), and total nitrogen (TN) concentrations in severely burned watershed streams were 6.5, 4.1, and 5.3 times greater, respectively, than those in reference streams. Weaker effects were evident for concentrations of ammonium (NH4+; 1.5 times) and total particulate nitrogen (TPN; 3.0 times). A rapid decline in mean watershed concentrations and production of NO3–, DON, total dissolved nitrogen (TDN), and TN was observed from burned watersheds over the three seasons after the fire. However, elevated NO3–, TDN, and TN concentrations and production were still evident during the snowmelt freshet and following precipitation events after 3 years. Effects of the burn were strongly influenced by the regional flow regime, with the most elevated N concentrations and production occurring during higher discharge periods (snowmelt freshet and storm flows).",A5028722255,TRUE,,,,TRUE
https://openalex.org/W2112861182,Elevated mortality of residual trees following structural retention harvesting in boreal mixedwoods,https://doi.org/10.5558/tfc84070-1,2008,article,Kevin D. Bladon; Victor J. Lieffers; U. Silins; Simon M. Landhäusser; Peter V. Blenis,Understory; Taiga; Canopy; Abies balsamea; Snag; Boreal; Forestry; Windthrow; Black spruce; Environmental science; Agronomy; Biology; Ecology; Balsam; Geography; Botany; Habitat,"In recent years boreal forests have been harvested to retain a portion of the original canopy, thereby providing forest structure, mostly for biodiversity reasons. Boreal mixedwood cutovers were surveyed at one and five years after harvesting with approximately 10% structural retention, to quantify the mean annual mortality rates of the residual trembling aspen, balsam poplar, paper birch and white spruce trees. For comparison, ""natural"" mortality rates by species were estimated from permanent sample plots in stands of similar composition. Species ranking of the annual mortality rates of residuals in areas harvested with structural retention were: poplar (10.2%) > birch (8.7%) > aspen (6.1%) > spruce (2.9%). Annual mortality rates were 2.5 to 4 times greater than in the reference stands. The majority of broadleaved species died as snags (~70%–90%), while most spruce died due to windthrow (80%). Mortality rates increased with slenderness coefficient for codominant and understory poplar and for understory birch. For aspen, codominants were most likely to die, while in spruce, dominant trees and trees with the greatest damage to the bole from harvesting operations had the highest mortality. Key words: Alberta, Betula papyrifera, dieback, harvesting damage, mixedwood forests, variable retention, Picea glauca, Populus balsamifera, Populus tremuloides, structural retention, sustainable forest management",A5028722255,TRUE,,,,TRUE
https://openalex.org/W2017406031,Carbon isotope discrimination and water stress in trembling aspen following variable retention harvesting,https://doi.org/10.1093/treephys/27.7.1065,2007,article,Kevin D. Bladon; U. Silins; Simon M. Landhäusser; Christian Messier; Victor J. Lieffers,δ13C; Environmental science; Isotopes of carbon; Basal area; Woody plant; Water stress; Biology; Agronomy; Ecology; Botany; Stable isotope ratio; Total organic carbon,"Variable retention harvesting (VRH) has been proposed as a silvicultural practice to maintain biodiversity and ecosystem integrity. No previous study has examined tree carbon isotope discrimination to provide insights into water stress that could lead to dieback and mortality of trees following VRH. We measured and compared the carbon isotope ratios (delta(13)C) in stem wood of trembling aspen (Populus tremuloides Michx.) before and after VRH. Eight trees were sampled from isolated residual, edge and control (interior of unharvested stand) positions from each of seven plots in three regions (Calling Lake and Drayton Valley, Alberta and Lac Duparquet, Québec). After VRH, the general trend in mean delta(13)C was residual > edge > control trees. Although this trend is indicative of water stress in residual trees, it also suggests that edge trees received some sheltering effect, reducing their stress compared with that of residuals. A strong inverse relationship was found between the delta(13)C values and the mean annual precipitation in each region. The trend in mean delta(13)C signature was Calling Lake > Drayton Valley > Lac Duparquet trees. These results suggest that residual or edge trees in drier regions are more likely to suffer water stress following VRH. We also observed a trend of greater delta(13)C in stout trees compared with slender trees, both before and after VRH. The evidence of greater water stress in stout trees likely occurred because of a positive relationship between stem diameter and crown volume per basal area. Our results provide evidence that water stress could be the driving mechanism leading to dieback and mortality of residual trees shortly after VRH. Additionally, the results from edge trees indicate that leaving hardwood residuals in larger patches or more sheltered landscape positions could reduce the water stress to which these trees are subjected, thereby reducing dieback and mortality.",A5028722255,TRUE,,,,TRUE
https://openalex.org/W2141279128,Differential transpiration by three boreal tree species in response to increased evaporative demand after variable retention harvesting,https://doi.org/10.1016/j.agrformet.2006.03.015,2006,article,Kevin D. Bladon; U. Silins; Simon M. Landhäusser; Victor J. Lieffers,Transpiration; Vapour Pressure Deficit; Xylem; Environmental science; Growing season; Horticulture; Evapotranspiration; Microclimate; Water content; Botany; Black spruce; Relative humidity; Agronomy; Biology; Taiga; Ecology; Photosynthesis; Geology; Geography,NA,A5028722255,TRUE,,,,TRUE
https://openalex.org/W7139034341,The Climate and Land-Use Change Feedback,https://doi.org/10.1007/978-3-032-02023-9_32-1,2026,book-chapter,Georges-Noel Tiersmondo Longandjo; Venkataramana Sridhar; Wilfran Moufouma-Okia; V. Lakshmi; Hyung Lok Kim; Hyunwoo Kang; Thanh‐Nhan‐Duc Tran; Sebastian R. O. Marshall,Climate change; Deforestation (computer science); Global warming; Carbon sink; Ecosystem; Greenhouse gas; Runaway climate change; Ecological forecasting; Effects of global warming,"The Congo Basin, home to the world’s second-largest tropical rainforest, plays a pivotal role in regulating global climate through carbon sequestration, rainfall recycling, and temperature regulation. However, the acceleration of the land-use changes—driven by agriculture, logging, mining, and urbanization—is eroding these vital ecosystem services. This chapter examines potential feedbacks between land-use change and climate, focusing on how deforestation and degradation disrupt biogeophysical processes and amplify the regional and global climate risks. Using observational evidence and modeling approaches, we show that continued forest loss could transform the Congo Basin from a net carbon sink to a carbon source, exacerbate extreme events such as droughts and floods, and destabilize regional rainfall systems. Future scenarios indicate that deforestation could reduce rainfall by up to 10% and raise surface temperatures by about 0.7 °C by mid-century (~2050). Unfortunately, these impacts extend beyond central Africa and influence tropical circulation and global climate stability. To safeguard the Congo Basin’s ecological integrity and climate functions, urgent action is required—through integrated land-use planning, forest conservation, climate-smart agriculture, and robust governance. The chapter underscores that the Congo Basin is both a frontline victim of global change and a critical lever for achieving climate resilience worldwide.",A5008376556,FALSE,,,,TRUE
https://openalex.org/W7204169363,The Climate and Land-Use Change Feedback in the Congo Basin,https://doi.org/10.1007/978-1-0716-5512-2_32,2026,book-chapter,Georges-Noel Tiersmondo Longandjo; Venkataramana Sridhar; Wilfran Moufouma-Okia; Venkataraman Lakshmi; Hyung Lok Kim; Hyunwoo Kang; Thanh‐Nhan‐Duc Tran; Sebastian R. O. Marshall,Climate change; Deforestation (computer science); Global warming; Carbon sink; Ecosystem; Structural basin; Greenhouse gas; Effects of global warming; Carbon cycle,"The Congo Basin, home to the world’s second-largest tropical rainforest, plays a pivotal role in regulating global climate through carbon sequestration, rainfall recycling, and temperature regulation. However, the acceleration of the land-use changes—driven by agriculture, logging, mining, and urbanization—is eroding these vital ecosystem services. This chapter examines potential feedbacks between land-use change and climate, focusing on how deforestation and degradation disrupt biogeophysical processes and amplify the regional and global climate risks. Using observational evidence and modeling approaches, we show that continued forest loss could transform the Congo Basin from a net carbon sink to a carbon source, exacerbate extreme events such as droughts and floods, and destabilize regional rainfall systems. Future scenarios indicate that deforestation could reduce rainfall by up to 10% and raise surface temperatures by about 0.7 °C by mid-century (~2050). Unfortunately, these impacts extend beyond central Africa and influence tropical circulation and global climate stability. To safeguard the Congo Basin’s ecological integrity and climate functions, urgent action is required—through integrated land-use planning, forest conservation, climate-smart agriculture, and robust governance. The chapter underscores that the Congo Basin is both a frontline victim of global change and a critical lever for achieving climate resilience worldwide.",A5008376556,FALSE,,,,TRUE
https://openalex.org/W4395671807,Droughts in the Mekong Basin—Current situation and future prospects,https://doi.org/10.1016/b978-0-323-90814-6.00019-x,2024,book-chapter,Hyunwoo Kang; Venkataramana Sridhar,Mekong river; Current (fluid); Structural basin; Geography; Environmental science; Climatology; Water resource management; Geology; Oceanography; Geomorphology,NA,A5101721232,TRUE,,,,TRUE
https://openalex.org/W4395679498,Diverse aspects of sediment assessment in the Mekong River Basin under current and future conditions,https://doi.org/10.1016/b978-0-323-90814-6.00021-8,2024,book-chapter,Venkataramana Sridhar; Hyunwoo Kang; Mahabub Arefin Chowdhury; Le Duc Trung,Mekong river; Current (fluid); Structural basin; Environmental science; Sediment; Hydrology (agriculture); Drainage basin; Geography; Water resource management; Geology; Oceanography; Cartography; Geomorphology; Geotechnical engineering,NA,A5024050154,FALSE,,,,TRUE
https://openalex.org/W2505720066,"Climate and tectonics along the southern margin of the Puna Plateau, NW Argentina: Origin of the late Cenozoic Punaschotter conglomerates",https://doi.org/10.1130/2015.1212(13),2015,book-chapter,Lindsay M. Schoenbohm; Bárbara Carrapa; Heather McPherson; Jonathan R. Pratt; Sharon Bywater‐Reyes; Estelle Mortimer,Geology; Facies; Diachronous; Plateau (mathematics); Paleontology; Tectonics; Cenozoic; Alluvial fan; Geomorphology; Structural basin,"Basins around the margin of the Puna Plateau in NW Argentina each record the onset over a few hundred thousand years of alluvial-fan facies sedimentation with the deposition of the Punaschotter conglomerates in the late Cenozoic, despite differing tectonic histories. Their striking similarity suggests that these conglomerates might have a common origin, such as the climatically driven coarsening and increase in sedimentation rate proposed to have occurred worldwide at 4–2 Ma. With this contribution, we present new U-Pb geochronology of intercalated ashes that bracket the onset of Punaschotter deposition along the margin of the Puna Plateau in the Fiambalá and El Cajon Basins. Combining this with existing data, we explore the relative roles of climate and tectonics in shaping sedimentation in this region. Our analysis reveals that Punaschotter deposition was diachronous and only occurred if both aridity and structural deformation were present. Development of orographic barriers and global climate change may have contributed to establishing regional aridity. In the eastern part of the study region (Santa Maria and Angastaco), onset of Punaschotter deposition tracks the establishment of aridity. In the already arid western basins (Fiambalá, Corral Quemado), a reactivation of structural deformation may have triggered the onset of Punaschotter deposition. Our study shows that initiation of coarse alluvial facies in this part of the Andes largely preceded the 4–2 Ma global climate change and emphasizes the coupled nature of local climate and tectonics in controlling sedimentation.",A5091198232,FALSE,,,,TRUE
https://openalex.org/W7135192267,"Soil microbial and organic matter responses to short-interval reburns in the Pacific Northwest, USA",https://doi.org/10.5194/egusphere-egu26-8089,2026,conference-abstract,Katherine D. McCool; Bennett Fate; Georgia S. Seyfried; Steven Perakis; Kevin Bladon,Biogeochemistry; Biogeochemical cycle; Soil organic matter; Forest floor; Ecosystem; Soil water; Organic matter; Soil carbon; Dissolved organic carbon; Biomass (ecology),"The area burned by high severity wildfire is increasing in many regions on the planet as a product of fuel accumulation, fire suppression, and climate change. As more forested land is impacted by high severity wildfires, there is greater potential for short-interval reburns, where the same area is burned by two or more wildfires within 20 years. Though reburn effects on vegetation are gaining significant research attention, it remains unclear how soil biogeochemical processes will respond to short-interval reburns. Studies in some forests have shown that short-interval reburns drive compounding losses of soil carbon (C) and nitrogen (N), but results vary based on ecosystem type, age, and fire dynamics. A key uncertainty is how reburn history influences dissolved organic carbon (DOC) quantity and composition and microbial respiration, which together influence C processing and organic matter (OM) cycling in soils.To address this knowledge gap, we quantified differences in soil biogeochemistry across soils from forest stands that experienced zero, one (in 2023), or three (in 2003, 2017, and 2023) wildfires within a 20-year period, and classified those stands as unburned, long-interval reburn, and short-interval reburn, respectively. These fires occurred in the Pacific Northwest, USA, in wet conifer forests with higher productivity than most previously studied reburns. We collected five replicate soil samples from 0–5 cm mineral soil depths and quantified microbial biomass C and N, soil organic C and N, and OM concentrations, pH, and DOC and total dissolved N concentrations. Additionally, we carried out a 35-day lab incubation to quantify microbial CO2 respiration and net inorganic N fluxes. Finally, we characterized the chemical quality of DOC using excitation-emission indices and parallel factor analysis.While wildfire decreased soil C and microbial biomass C and N in both short-interval and long-interval reburns, we observed no effect of fire nor short-interval reburn on soil N, pH, or OM. However, soil from short-interval reburn sites had lower DOC concentrations (F2,12 = 14.5, p < 0.001) and CO2 fluxes (F2,10 = 26.6, p < 0.001) than both long-interval reburn and unburned stands. Chemical quality analyses indicated that “fresh” DOC comprised a larger proportion of overall DOC contents after short-interval reburn (F2,10 = 4.2, p = 0.048) compared to long-interval reburn, with similar “freshness” between unburned and short-interval reburn soils.Taken together, our preliminary results suggest that the short-interval reburn soils exhibited lower DOC concentrations and suppressed microbial respiration. Interestingly, these lower CO2 fluxes were not fully explained by microbial biomass C and N, which appeared to be buffered, possibly due to less fuel consumption during the third fire. Instead, we hypothesize that reduced DOC quantity, rather than DOC composition (“freshness”), was the primary constraint on microbial processing under our experimental conditions. As such, carbon quantity appears to exert stronger control than DOC composition. These results suggest that slower decomposition may facilitate soil C retention following short-interval reburns. Our findings have implications for soil recovery trajectories, as decreased microbial processing may contribute to rebuilding soil OM over time after short-interval reburns.",A5092596752,TRUE,,,,TRUE
https://openalex.org/W4416636305,"Genetic, spatial transcriptomic and functional links between IL-11 and pulmonary fibrosis (PF)",https://doi.org/10.1183/13993003.congress-2025.oa1198,2025,conference-abstract,Marc Kaestle; Yao Hu; Christoph H. Mayr; Anita Schönleber; Stephan Klee; Evan Thaler; Janine Beier; Annika Maier; Maria Myzithras; Boris Bartholdy; Zhihao Ding; Matt Thomas,Transcriptome; Fibrosis; Quantitative trait locus; Myofibroblast; Expression quantitative trait loci; Idiopathic pulmonary fibrosis; Pulmonary fibrosis; Locus (genetics),"To characterize the role of IL11 in PF, we performed genetic and spatial transcriptomic analyses. Common variant analysis identified a missense variant (rs4252548) of IL11 for association with increased FVC (beta=0.05, P=4.8E-8) and FEV1 (β=0.04, P=2.4E-7) in UK Biobank (UKB). This variant is reported to compromise the stability of IL11. An expression quantitative trait locus of IL11RA, rs9696223, is suggestively associated with increased FVC (β=0.02, P=2.9E-7) in UKB and increased IL11RA expression level in whole blood (beta=0.19, P=4.9E-60). Rare variant burden analysis indicated suggestive association of IL11 and IL11RA with predicted FEV1 in UKB (P=3.1E-5 and 3.4E-4, respectively). Spatial transcriptomic analysis revealed a profound increase in IL-11 expression within the recently identified ‘fibrotic niche’ in PF patient tissue. IL-11 was enhanced in both basaloid epithelial cell and myofibroblast cells, which co-localize in this pathologic niche. Finally, we sought to functionally validate these associations to pulmonary fibrosis by testing an anti-IL-11 antibody within the repair phase of an aged mouse bleomycin model. Aged animals expressed IL-11 higher and longer vs young animals, which overlaid with a loss of alveolar cell marker expression. Treatment of aged animals with an anti-IL11 Mab between days 21 and 42 resulted in a reduction in lavage fluid inflammatory cells, restoration of all lung function parameters (FVC, elastance, resistance and compliance) and repair of barrier function as measured by a surfactant protein D biomarker. These preclinical data strengthen the association of IL-11 to PF pathobiology and support the potential of a differentiated anti-IL11 Mab therapy.",A5041233054,FALSE,,,,TRUE
https://openalex.org/W4408430713,The erodibility of terrace risers in eucalyptus plantations in North-Central Portugal,https://doi.org/10.5194/egusphere-egu25-14029,2025,conference-abstract,Martinho Martins; Liliana Simões; Marta Basso; Behrouz Gholamahmadi; Óscar González‐Pelayo; M. Ben‐Hur; Jan Jacob Keizer,Terrace (agriculture); Eucalyptus; Forestry; Agroforestry; Geography; Archaeology; Environmental science; Biology; Ecology,"The construction of bench terraces has become a common practice in north-central Portugal for establishing eucalyptus plantations on steep hillslopes. Terracing is commonly considered as an effective soil conservation technique for steep terrain, with a long tradition in agricultural practices. This method typically involves extensive redistribution of topsoil, potentially causing substantial changes in the soil's physical, chemical, and biological properties, as well as its associated functions. Additionally, modern terrace construction using bulldozers can exacerbate soil instability, leading to soil mobilization through the collapse of risers. Modern forest terracing transforms hillslopes into flat terrain, facilitating the use of machinery for planting, fertilization, vegetation control, logging, and log extraction. However, terracing removes all surface vegetation, leaving the soil exposed to raindrop impact. Moreover, the mechanical forces exerted by bulldozers break, mix, and loosen the soil, detaching particles and compromising soil structure and stability. Historically, terraces were separated by stone walls that provided structural stability and erosion control. Today, however, they are often divided by steep, unsupported sections known as risers. Despite their widespread use in forestry, the impacts of modern terracing on water and soil conservation remain poorly studied. This study aimed to (1) quantify the collapse of modern forest terrace risers during the first year after construction and (2) evaluate the effectiveness of mitigation measures such as anionic polyacrylamide (PAM) and hydromulch. In a eucalyptus plantation in north-central Portugal, nine sediment fences were installed at the base of three different risers (three pairs per riser). One riser was left as a control, while the others were randomly treated with PAM or hydromulch. Preliminary results revealed substantial soil mobilization from the risers, with a median sediment deposition of 258 Mg ha⁻¹ during the first post-terracing year. Landslides affecting risers from top to base were frequently observed, further demonstrating their instability. Both hydromulch and PAM treatments significantly reduced cumulative annual sediment deposition to averages of 113 and 105 Mg ha⁻¹, respectively. However, neither measure completely prevented the collapse of certain riser sections. These findings highlight the urgent need for multidisciplinary approaches to assess and mitigate the adverse effects of modern terracing in forest plantations.",A5023365005,FALSE,,,,TRUE
https://openalex.org/W4392630511,Assessing post-fire soil erosion and water contamination risk in European fire-affected catchmentswith WEPPcloud-EU WATAR watershed model,https://doi.org/10.5194/egusphere-egu24-16087,2024,conference-abstract,Jonay Neris; Carmen Sánchez-García; Marta Basso; Roger Lew; Anurag Srivastava; Mariana Dobre; P. R. Robichaud; Erin Brooks; Cristina Santín; Stefan H. Doerr,Environmental science; Contamination; Erosion; Watershed; Water resource management; Hydrology (agriculture); Environmental protection; Geology; Geotechnical engineering; Ecology; Geomorphology; Computer science,"Soil and ash are key sources of sediment, carbon, nitrogen, and associated pollutant movement following a wildfire. Their transport into freshwater systems can pose severe environmental and socio-economic implications including impacts to water quality and aquatic ecosystems, disruptions to drinking water supply and high remediation costs, as well as the depletion of carbon and nutrients from areas affected by erosion. We assessed the risk of soil erosion, ash and contaminant transport, and water contamination in three burned European catchments in Central Europe (Germany and the Czech Republic), Portugal and Spain using the European Water Erosion Prediction Project cloud interface with the Wildfire Ash Transport and Risk (WEPPcloud-EU WATAR) watershed model. The watersheds varied in size from 100 to 22,000 ha and represent distinct climatic conditions. To our knowledge, this is the first application of this model in European post-fire scenarios. We calibrated and validated the model using catchment runoff data (where available) and nearby streamflow data from both pre- and post-fire periods when runoff data was unavailable. Additionally, we used sediment transport data (where available) along with ash contaminant content data to calibrate and validate erosion and ash transport rates. Model performance was assessed using statistics like Nash-Sutcliffe Efficiency (NSE), coefficient of determination (R2) and percent bias (PBias (%)). Once the model was calibrated and validated, we estimated the post-fire risk of soil erosion, ash transport, and ash pollutant concentrations in the affected areas. The simulations provided the probabilities of occurrence and return periods for severe erosion events, as well as for ash and contaminant transport events. Based on these simulations, we identified hillslopes that were the main sources of runoff, erosion, ash and contaminant transport. This information is important to managers who can prioritize the application of mitigation treatments and prevention plans. Given the projected increase in fire weather in many regions in Europe, our findings suggest that the WEPPcloud-EU WATAR model is an increasingly useful tool in predicting and mitigating soil erosion and water contamination impacts of European burnt catchments.",A5009133422,FALSE,,,,TRUE
https://openalex.org/W3158164430,Predicting Source Water Quality Following Wildfires Using Hydrologic Modeling,https://doi.org/10.5194/egusphere-egu21-78,2021,conference-abstract,Katie Wampler; Kevin D. Bladon; Monireh Faramarzi,Environmental science; Water quality; Sediment; Hydrology (agriculture); Streamflow; Total organic carbon; Water supply; Ecosystem; Aquatic ecosystem; Soil and Water Assessment Tool; Water resource management; Environmental engineering; Drainage basin; Ecology; Geography; Geology,"Forested watersheds are critical sources of the majority of the world’s drinking water. Almost one-third of the world’s largest cities and two-thirds of cities in the United States (US) rely on forested watersheds for their water supply. These forested regions are vulnerable to the increasing incidence of large and severe wildfires due to increases in regional temperatures and greater accumulation of fuels. When wildfires occur, increases in suspended sediment and organic carbon can negatively affect aquatic ecosystem health and create many costly challenges to the drinking water treatment process. These effects are often largest in the first year following a wildfire. While past research has shown the likelihood of source water impacts from wildfire, the magnitude of effects remains uncertain in most regions. In our study, we will quantify the projected short-term effects of three large (>70,000 ha) wildfires on key water quality parameters (sediment and organic carbon) in two important forested source watersheds in the Cascade Range of Oregon, US. We calibrated and validated a modified Soil and Water Assessment Tool (SWAT) to simulate streamflow, sediment loads and transport, as well as in-stream organic carbon processes for a historical period prior to wildfire. The calibrated model parameters were then modified based on literature values and burn severity maps to represent post-fire conditions of the three large wildfires. The parameter adjustments for simulating wildfire will be validated with post-fire water quality field samples from the wildfires. We will present estimations of future water quality impacts in the burned watersheds under different precipitation conditions at a daily scale for the first year following the wildfires, which will provide testable hypotheses. Additionally, we will determine catchment characteristics most critical in determining the post-fire water quality response. This work will help predict the magnitude of effects from these historic wildfires, which can inform forest and drinking water management decision making.",A5019479191,TRUE,,,,TRUE
https://openalex.org/W3162894018,Inferred bioavailability of pyrogenic organic matter in comparison to natural organic matter from global sediments and surface waters,https://doi.org/10.5194/egusphere-egu21-12756,2021,conference-abstract,Emily Graham; Hyun‐Seob Song; Samantha Grieger; Vanessa Garayburu‐Caruso; James Stegen; Kevin D. Bladon; Allison Myers‐Pigg,Organic matter; Environmental chemistry; Bioavailability; Total organic carbon; Ecosystem; Environmental science; Dissolved organic carbon; Carbon fibers; Chemistry; Ecology; Biology; Materials science,"Wildfires are increasing in frequency, severity, and area burned in response to pervasive hotter and drier conditions, creating a multitude of negative consequences for aquatic ecosystems. Pyrogenic materials generated by wildfires are transported across terrestrial landscapes into inland waters, where approximately 10% of organic matter pools is comprised of black carbon. While recent work suggests pyrogenic organic matter (PyOM) is more bioavailable than indicated by traditional paradigms, the heterogeneity of PyOM pools generated through various feedstocks and combustion scenarios complicates our efforts to understand its bioavailability. Here, we use a mathematical model to predict the energy content, metabolic efficiency, and rate of aerobic decomposition of representative PyOM compounds. We compare these metrics to model outputs derived from measured natural organic matter in global surface waters and sediments to assess differences in bioavailability. We find that PyOM generally has a similar range of bioavailabilities to that of natural systems. However, phenols and black carbon (defined as highly condensed molecules with high solubility) have lower metabolic efficiency than most representative PyOM classes and natural organic matter pools, denoted by higher lambda and lower carbon use efficiency. Rates of aerobic metabolism of phenols and black carbon are also less negatively impacted by oxygen limitation than any other group. Overall, our work suggests that PyOM may be more bioavailable than previously thought and could be an unrecognized contributor to global C emissions as the prevalence of wildfires increases.",A5022100426,FALSE,,,,TRUE
https://openalex.org/W3135081991,"Post-fire Forest Management Activities Alter Soil Properties, Sediment Yields, and Vegetation Recovery in the Northern California Coast Range",NA,2020,conference-abstract,Ryan P. Cole,Vegetation (pathology); Environmental science; Sediment; Range (aeronautics); Hydrology (agriculture); Forestry; Geography; Geology; Geomorphology; Geotechnical engineering,NA,A5082519109,TRUE,,,,TRUE
https://openalex.org/W3092297179,"Point- to Catchment-Scale Effects of Wildfire on Hydrology, Water Resources, and Ecosystems III Posters",NA,2020,conference-abstract,Joe Wagenbrenner; A. M. Kinoshita; Michelle Newcomer; Daniel Cadol; Kevin D. Bladon,Hydrology (agriculture); Environmental science; Water resources; Scale (ratio); Drainage basin; Catchment hydrology; Ecosystem; Water resource management; Geography; Geology; Ecology; Cartography,NA,A5113919356,FALSE,,,,TRUE
https://openalex.org/W3198267708,"Comparing headwater stream thermal sensitivity across two contrasting lithologies in Northern California, USA.",NA,2020,conference-abstract,Austin D. Wissler; Kevin D. Bladon; Catalina Segura,Geology; Lithology; Sensitivity (control systems); Physical geography; Geography; Paleontology,NA,A5044571864,TRUE,,,,TRUE
https://openalex.org/W3205830793,The Effect of Atmospheric Demand and Soil Moisture Deficits on Tree Growth and Physiological Water Stress: Implications for the Future of Forest Management,NA,2020,conference-abstract,Karla M. Jarecke; Kevin D. Bladon; Steven M. Wondzell,Environmental science; Tree (set theory); Water stress; Natural resource economics; Forest management; Moisture stress; Moisture; Agroforestry; Geography; Economics; Meteorology; Agronomy; Mathematics,NA,A5078793960,TRUE,,,,TRUE
https://openalex.org/W3210397243,"Storage, mixing, and fluxes of soil water inferred from stable isotope composition in the California Northern Coast Range",NA,2020,conference-abstract,Kevin D. Bladon; Salli F. Dymond; Joseph W. Wagenbrenner; Elizabeth T. Keppeler,Stable isotope ratio; Range (aeronautics); Composition (language); Mixing (physics); Oceanography; Environmental science; Soil water; Hydrology (agriculture); Geology; Soil science; Physics; Materials science,NA,A5028722255,TRUE,,,,TRUE
https://openalex.org/W3115994518,"Science with Optimast-SCI: New Discovery Frontiers with Sensitive, Millarcsecond Resolution",NA,2020,conference-abstract,Gerald van Belle; Nicholas Moskovitz; Simon C. Patané; Maxwell H. Fagin; D. N. Riley; John Kloske; T. Tobiassen; Marcía N. Snyder,Resolution (logic); Computer science; Data science; Artificial intelligence,NA,A5037763216,FALSE,,,,TRUE
https://openalex.org/W3173847268,"Runoff and sediment delivery from small, burned headwater catchments",NA,2019,conference-abstract,Joe Wagenbrenner; Drew Coe; P. R. Robichaud; Will Olsen; Ryan P. Cole; Kevin D. Bladon,Surface runoff; Hydrology (agriculture); Sediment; Environmental science; Geology; Geotechnical engineering; Geomorphology; Ecology,NA,A5113919356,FALSE,,,,TRUE
https://openalex.org/W3019487472,Differential soil moisture and groundwater responses to precipitation events across hillslope transects in a California coastal forest,NA,2019,conference-abstract,Salli F. Dymond; Kevin D. Bladon; Elizabeth T. Keppeler; Joseph W. Wagenbrenner,Transect; Groundwater; Precipitation; Hydrology (agriculture); Environmental science; Water content; Moisture; Geology; Oceanography; Geography; Meteorology; Geotechnical engineering,NA,A5059498338,FALSE,,,,TRUE
https://openalex.org/W3022267019,The Entiat Experimental Forest: Evaluating Short and Long-term Impacts of Wildfire on Water Quality and Quantity and Forest Ecology,NA,2019,conference-abstract,R. J. Niemeyer; Richard D. Woodsmith; Kevin D. Bladon; David W. Peterson,Environmental science; Ecology; Term (time); Forest ecology; Water quality; Agroforestry; Forest management; Environmental resource management; Geography; Forestry; Ecosystem; Biology,NA,A5078512063,FALSE,,,,TRUE
https://openalex.org/W3025613119,"The Canadian Southern Rockies Watershed Project Observatory; Natural Disturbance and Land Management Effects on Watersheds from ""Source to Tap""",NA,2019,conference-abstract,U. Silins; Monica B. Emelko; Micheal Stone; C. Williams; E. Cherlet; Michael J. Wagner; A. Collins; Miles Dyck; A. Anderson; Sheena A. Spencer; S. Mercier Quideau; Kirk Hawthorn; Bommanna G. Krishnappan; Kevin D. Bladon,Disturbance (geology); Watershed; Environmental science; Natural (archaeology); Hydrology (agriculture); Observatory; Geography; Geology; Geomorphology; Computer science; Archaeology,NA,A5087821057,FALSE,,,,TRUE
https://openalex.org/W3106895721,"Determining the Effect of Topography on Plant-available Water in Steep, Highly Dissected Forested Terrain",NA,2019,conference-abstract,Karla M. Jarecke; Steven M. Wondzell; Kevin D. Bladon,Terrain; Geology; Hydrology (agriculture); Geomorphology; Remote sensing; Geotechnical engineering; Geography; Cartography,NA,A5078793960,TRUE,,,,TRUE
https://openalex.org/W3111378993,The Alsea Watershed Study - Original and Revisited,NA,2019,conference-abstract,Kevin D. Bladon; Catalina Segura; J. A. Hatten; D. Warren,Watershed; Computer science; Geography; Computer vision,NA,A5028722255,TRUE,,,,TRUE
https://openalex.org/W3125250308,"Stable isotope composition of soil water, groundwater, streams, and trees of the California Northern Coast Range",NA,2019,conference-abstract,Kevin D. Bladon; Salli F. Dymond; Joseph W. Wagenbrenner; Elizabeth T. Keppeler; Jeffrey J. McDonnell,STREAMS; Groundwater; Hydrology (agriculture); Soil water; Environmental science; Stable isotope ratio; Range (aeronautics); Surface water; Geology; Soil science; Environmental engineering,NA,A5028722255,TRUE,,,,TRUE
https://openalex.org/W3162510778,Headwater dynamics: quantifying spatial differences in flow permanence and network connectivity across diverse landscapes,NA,2019,conference-abstract,Kevin D. Bladon; Adam A. Pate; Catalina Segura,Geography; Ecology; Dynamics (music); Flow (mathematics); Environmental science; Biology; Mathematics,NA,A5028722255,TRUE,,,,TRUE
https://openalex.org/W3165497857,Long-term effects of forest harvesting on summer mean daily flow in the Oregon Coast Range: Alsea Watershed Study Revisited,NA,2019,conference-abstract,Catalina Segura; Kevin D. Bladon; J. A. Hatten; Julia Jones; Colin Hale; Jeffrey J. McDonnell,Watershed; Term (time); Range (aeronautics); Environmental science; Geography; Hydrology (agriculture); Geology,NA,A5043414848,FALSE,,,,TRUE
https://openalex.org/W3082297606,What is driving nitrogen concentration changes over time in US streams? Results from the U.S. EPA National Rivers and Streams Assessments (2000-2014),NA,2019,conference-abstract,Jing Lin; Ryan A. Hill; Robert D. Sabo; Alan T. Herlihy; Michael Weber; Stephen D. LeDuc; Brian Pickard; J. Renée Brooks; Chris M. Clark; Scott G. Leibowitz; John L. Stoddard; Jana E. Compton,STREAMS; Environmental science; Computer science,NA,A5065128035,FALSE,,,,TRUE
https://openalex.org/W3214214798,"How Landscape Source, Sink, and Transport Interactions Mediate Nitrogen and Phosphorus Across a Large River Basin",https://doi.org/10.13140/rg.2.2.28895.92328,2019,conference-abstract,S. G. Mengistu; Heather E. Golden; Charles R. Lane; Scott G. Leibowitz; Jay R. Christensen; Jana E. Compton; E. D’Amico; A. G. Prues; Marc H. Weber; Ryan A. Hill,Sink (geography); Environmental science; Phosphorus; Nitrogen; Drainage basin; Hydrology (agriculture); Geography; Geology; Chemistry; Cartography,NA,A5019211887,FALSE,,,,TRUE
https://openalex.org/W2955368044,The Hydrologic and Water Quality Performance of Two Maintained and Two Unmaintained Dry Detention Basins Receiving Highway Stormwater Runoff in the Piedmont of North Carolina.,NA,2019,conference-abstract,Austin D. Wissler,Hydrology (agriculture); Surface runoff; Stormwater; Environmental science; Detention basin; Water quality; Water resource management; Geology; Geotechnical engineering; Ecology,North Carolina State University Theses Biological and Agricultural Engineering.,A5044571864,TRUE,,,,TRUE
https://openalex.org/W3042771781,"Runoff and sediment delivery from small, burned headwater catchments in California",NA,2018,conference-abstract,Joseph W. Wagenbrenner; W. K. Olsen; Ryan P. Cole; D.J. Coe; P. R. Robichaud; Kevin D. Bladon,Surface runoff; Hydrology (agriculture); Sediment; Environmental science; Geology; Geomorphology; Geotechnical engineering,NA,A5089979863,FALSE,,,,TRUE
https://openalex.org/W3121283797,Wildfire and post-fire forest management impacts on soil water content in California's Northern Coast Range,NA,2018,conference-abstract,Kevin D. Bladon; Ryan P. Cole; Joseph W. Wagenbrenner; D.J. Coe,Environmental science; Range (aeronautics); Hydrology (agriculture); Forestry; Water content; Geography; Geology; Engineering,NA,A5028722255,TRUE,,,,TRUE
https://openalex.org/W2994794636,Natural and social aspects of global wildfire threats to water supplies,NA,2018,conference-abstract,Kevin D. Bladon; François‐Nicolas Robinne; Dennis W. Hallema; Guiying Sun,Natural (archaeology); Natural disaster; Environmental science; Environmental planning; Environmental resource management; Natural resource economics; Environmental protection; Business; Geography; Economics; Meteorology,NA,A5028722255,TRUE,,,,TRUE
https://openalex.org/W3026046068,"Postwildfire Hydrologic, Geomorphic, and Biogeochemical Responses I",NA,2018,conference-abstract,Francis K. Rengers; Kevin D. Bladon; Joseph W. Wagenbrenner; Luke A. McGuire,Biogeochemical cycle; Geology; Hydrology (agriculture); Environmental science; Ecology,NA,A5036549244,FALSE,,,,TRUE
https://openalex.org/W3049331501,The Effects of Wildfire on Soil Hydraulic Properties and Organic Matter in an Appalachian Hardwood Forest,NA,2018,conference-abstract,Danica Ruud; Kevin D. Bladon; J. A. Hatten; Michael Sanclements; Brian D. Strahm; Lauren M. Matosziuk; J. E. Egan,Environmental science; Hardwood; Forestry; Appalachian Region; Organic matter; Agroforestry; West virginia; Hydrology (agriculture); Geography; Ecology; Geology; Physical geography; Geotechnical engineering; Archaeology,NA,A5045692795,FALSE,,,,TRUE
https://openalex.org/W3087975479,Hillslope soil moisture patterns across wet and dry conditions in a CA coastal forest,NA,2018,conference-abstract,Salli F. Dymond; Kevin D. Bladon; Elizabeth T. Keppeler; Joseph W. Wagenbrenner,Environmental science; Moisture; Water content; Hydrology (agriculture); Soil science; Geography; Geology; Meteorology,NA,A5059498338,FALSE,,,,TRUE
https://openalex.org/W3108052562,Quantifying plant-available soil moisture in topographically complex terrain,NA,2018,conference-abstract,Karla M. Jarecke; Kevin D. Bladon; Steven M. Wondzell,Terrain; Environmental science; Moisture; Water content; Hydrology (agriculture); Geology; Geography; Meteorology; Cartography,NA,A5078793960,TRUE,,,,TRUE
https://openalex.org/W3114300443,Hillslope erosion and sediment yield after wildfire and post-fire forest management in California's Northern Coast Range,NA,2018,conference-abstract,Richard Cole; Kevin D. Bladon; Joseph W. Wagenbrenner; D.J. Coe,Erosion; Sediment; Environmental science; Hydrology (agriculture); Range (aeronautics); Geology; Geomorphology; Geotechnical engineering,NA,A5045032145,FALSE,,,,TRUE
https://openalex.org/W3114448068,Short- and long-term hydrologic recovery after wildfire in the interior Pacific Northwest,NA,2018,conference-abstract,R. J. Niemeyer; Kevin D. Bladon; Richard D. Woodsmith,Term (time); Environmental science; Geology; Climatology; Oceanography,NA,A5078512063,FALSE,,,,TRUE
https://openalex.org/W2806922742,The Influence of a Vegetated Bar on Channel-Bend Flow Dynamics -- Data Set #1,NA,2018,conference-abstract,Sharon Bywater‐Reyes; Rebecca M. Diehl; Andrew C. Wilcox,Bar (unit); Channel (broadcasting); Flow (mathematics); Dynamics (music); Set (abstract data type); Geology; Environmental science; Computer science; Mathematics; Geometry; Physics; Telecommunications; Acoustics,The attached zip file contain the following files: 46.cgn 46_2.cgn 47.cgn 47_2.cgn 48.cgn 48_2.cgn 49.cgn 49_2.cgn 50.cgn 50_2.cgn,A5011808851,TRUE,,,,TRUE
https://openalex.org/W2999795446,Flume and field investigations link woody riparian vegetation plant traits to morphodynamics across scales,NA,2018,conference-abstract,Sharon Bywater‐Reyes; Rebecca M. Diehl; Li Kui; A. Lightbody; John C. Stella; Andrew C. Wilcox,Beach morphodynamics; Riparian zone; Flume; Vegetation (pathology); Hydrology (agriculture); Field (mathematics); Geology; Environmental science; Ecology; Sediment transport; Geomorphology; Sediment; Geotechnical engineering; Biology; Mathematics; Flow (mathematics),NA,A5011808851,TRUE,,,,TRUE
https://openalex.org/W2805680421,Runoff and Sediment Transport from Harvested Hillslopes to Riparian Buffers of Rocky Mountain Headwater Catchment,NA,2018,conference-abstract,Kira C. Puntenney-Desmond,Surface runoff; Riparian zone; Hydrology (agriculture); Environmental science; Sediment; STREAMS; Drainage basin; Sediment transport; Geology; Ecology; Geography; Geomorphology; Habitat,NA,A5053407136,TRUE,,,,TRUE
https://openalex.org/W2989638253,Stream and tree water sources in a coast redwood forest,NA,2017,conference-abstract,Salli F. Dymond; Kevin D. Bladon; Jeffrey J. McDonnell; J. P. McNamara,Forestry; Tree (set theory); Environmental science; Hydrology (agriculture); Geology; Remote sensing; Geography,NA,A5059498338,FALSE,,,,TRUE
https://openalex.org/W2991297871,Quantifying ratios of suspended sediment sources in forested headwater streams following timber-harvesting operations,NA,2017,conference-abstract,Aaron A. Rachels; Kevin D. Bladon; Sharon Bywater‐Reyes,STREAMS; Sediment; Environmental science; Hydrology (agriculture); Logging; Geology; Forestry; Geography; Geotechnical engineering; Geomorphology; Computer science,NA,A5086753779,TRUE,,,,TRUE
https://openalex.org/W2996156569,An evaluation of nitrogen and phosphorus responses to rain events in a forested watershed,NA,2017,conference-abstract,Casey L. Steadman; Alba Argerich; Kevin D. Bladon; Sherri L. Johnson,Watershed; Environmental science; Phosphorus; Nitrogen; Hydrology (agriculture); Acid rain; Ecology; Computer science; Geology; Biology; Chemistry,NA,A5059801877,TRUE,,,,TRUE
https://openalex.org/W3014679070,Post-fire land management: Comparative effects of different strategies on hillslope sediment yield,NA,2017,conference-abstract,Richard Cole; Kevin D. Bladon; Joseph W. Wagenbrenner; David Coe,Sediment; Yield (engineering); Environmental science; Hydrology (agriculture); Land use; Land management; Geology; Geomorphology; Geotechnical engineering; Engineering; Civil engineering,NA,A5045032145,FALSE,,,,TRUE
https://openalex.org/W3093803142,Elevated Annual Runoff Ratios in Pacific Northwest Catchments Impacted by Epidemic Foliage Disease of Douglas-fir,NA,2017,conference-abstract,Kevin D. Bladon; Sharon Bywater‐Reyes; Jared M. LeBoldus; Catalina Segura; Gabriela Ritóková; David C. Shaw,Surface runoff; Douglas fir; Environmental science; Hydrology (agriculture); Forestry; Geography; Geology; Biology; Ecology,NA,A5028722255,TRUE,,,,TRUE
https://openalex.org/W2990749817,Reciprocal interactions between fluvial processes and riparian plants at multiple scales: ecogeomorphic feedbacks drive coevolution of floodplain morphology and vegetation communities,NA,2017,conference-abstract,John C. Stella; Li Kui; Rebecca M. Diehl; Sharon Bywater‐Reyes; Andrew C. Wilcox; Patrick B. Shafroth; A. Lightbody,Riparian zone; Coevolution; Floodplain; Fluvial; Nestedness; Vegetation (pathology); Ecology; Reciprocal; STREAMS; Geography; Environmental science; Geology; Biology; Biodiversity; Geomorphology; Habitat; Computer science,NA,A5020629092,FALSE,,,,TRUE
https://openalex.org/W3020228054,Natural Variability of Nitrogen and Phosphorus in a Forested Headwater Stream System in the Oregon Coast Range,NA,2017,conference-abstract,Casey L. Steadman,Natural (archaeology); Phosphorus; Range (aeronautics); Environmental science; Hydrology (agriculture); Nitrogen; Geology; Geography; Archaeology; Engineering; Chemistry,NA,A5059801877,TRUE,,,,TRUE
https://openalex.org/W2461443954,Effects of wildfire on soil hydraulic properties on hillslopes in southwestern Oregon,NA,2016,conference-abstract,Ryan P. Cole,Environmental science; Hydrology (agriculture); Geology; Geotechnical engineering; Geography; Forestry,NA,A5082519109,TRUE,,,,TRUE
https://openalex.org/W2344512933,Mountain Pine Beetle and Water Management: Workshop Summary,NA,2016,conference-abstract,Todd Redding; Kevin D. Bladon; Southern Interior,Water quality; Watershed; Water supply; Water resources; Environmental science; Water resource management; Agroforestry; Environmental planning; Environmental resource management; Geography; Ecology; Environmental engineering,"T mountain pine beetle (MPB) infestation continues to expand in British Columbia’s Southern Interior, raising concerns about the potential impacts on the region’s water resources. To address this issue, FORREX and the Southern Interior Beetle Action Coalition (SIBAC) delivered a 1-day workshop in Kelowna on June 2, 2009. The primary audience was water purveyors who may have to deal with the potential downstream effects on water supply and treatment systems. A large number of community water systems in the Interior could incur increased treatment costs if water quality is degraded due to an MPB infestation; therefore, a critical need exists for water purveyors, as well as land managers, to understand the range of potential impacts that can occur. Although a number of recent publications synthesize the research on the effects of MPB and salvage harvesting (Winkler et al. 2008; Redding et al. 2009), extension efforts have not been directed towards the supply of safe drinking water. This workshop provided a more operationally oriented follow-up to the MPB and Watershed Hydrology workshop held in Kelowna in 2007 (Redding and Pike 2007).",NA,NA,,,,TRUE
https://openalex.org/W2743269185,Southern Rockies Watershed Project (TFC Paper),NA,2016,conference-abstract,U. Silins; A. Anderson; Kevin D. Bladon; Monica B. Emelko; Micheal Stone; Sheena A. Spencer; C. Williams; Michael J. Wagner; Amanda M. Martens; Kirk Hawthorn,Watershed; Geology; Geography; Computer science,NA,A5087821057,FALSE,,,,TRUE
https://openalex.org/W3000868969,Surface Runoff and Sediment Transport Through a Riparian Buffer of a Steep Rocky Mountain Catchment,NA,2016,conference-abstract,K. Puntenney; Kevin D. Bladon; U. Silins,Surface runoff; Hydrology (agriculture); Riparian zone; Riparian buffer; Sediment; Drainage basin; Environmental science; Sediment transport; Geology; Geomorphology; Geography; Cartography; Ecology; Habitat; Geotechnical engineering,NA,A5000903919,FALSE,,,,TRUE
https://openalex.org/W3009248972,An analysis of the downstream propagation of stream temperature changes following headwater forest management in western Oregon,NA,2016,conference-abstract,Kevin D. Bladon; Nicholas Cook; Catalina Segura,Downstream (manufacturing); Hydrology (agriculture); Environmental science; Forestry; Geography; Geology; Engineering; Geotechnical engineering,NA,A5028722255,TRUE,,,,TRUE
https://openalex.org/W3036408482,"Spatiotemporal Variability of Hillslope Soil Moisture Across Steep, Highly Dissected Topography",NA,2016,conference-abstract,Karla M. Jarecke; Steven M. Wondzell; Kevin D. Bladon,Geology; Moisture; Water content; Environmental science; Hydrology (agriculture); Soil science; Geomorphology; Remote sensing; Physical geography; Geography; Meteorology; Geotechnical engineering,NA,A5078793960,TRUE,,,,TRUE
https://openalex.org/W3041537958,Wildfire Effects on Soil Hydraulic Properties and Subsurface Flow Pathways in Southwestern Oregon,NA,2016,conference-abstract,Kevin D. Bladon; Ralph C. Cole,Hydrology (agriculture); Subsurface flow; Environmental science; Geology; Flow (mathematics); Geotechnical engineering; Groundwater,NA,A5028722255,TRUE,,,,TRUE
https://openalex.org/W3083384921,Disentangling the response of streamflow to forest management and climate,NA,2016,conference-abstract,Salli F. Dymond; Chelcy Ford Miniat; Kevin D. Bladon; Elizabeth T. Keppeler; Peter V. Caldwell,Streamflow; Climate change; Environmental science; Forest management; Environmental resource management; Geography; Agroforestry; Drainage basin; Geology; Cartography,NA,A5059498338,FALSE,,,,TRUE
https://openalex.org/W3141107775,Influence of Geology and Basin Characteristics on Suspended Sediment Yield in Harvested Western Oregon Headwater Streams,NA,2016,conference-abstract,Sharon Bywater‐Reyes; Catalina Segura; Kevin D. Bladon,STREAMS; Geology; Structural basin; Sediment; Hydrology (agriculture); Yield (engineering); Oceanography; Geomorphology; Geotechnical engineering,NA,A5011808851,TRUE,,,,TRUE
https://openalex.org/W3156058854,Spatial and Temporal Heterogeneity of Nitrogen in Forested Headwater Catchments of the Northern Coast Range of Oregon,NA,2016,conference-abstract,Casey L. Steadman; Kevin D. Bladon; Alba Argerich; Sherri L. Johnson,Range (aeronautics); STREAMS; Physical geography; Hydrology (agriculture); Geography; Geology; Environmental science,NA,A5059801877,TRUE,,,,TRUE
https://openalex.org/W2511896912,"Rainfall-Runoff Dynamics Following Wildfire in Mountainous Headwater Catchments, Alberta, Canada.",NA,2015,conference-abstract,C. Williams; U. Silins; Kevin D. Bladon; Amanda M. Martens; Michael J. Wagner; A. Anderson,Surface runoff; Hydrology (agriculture); Environmental science; Geology; Physical geography; Geography,NA,A5102904185,FALSE,,,,TRUE
https://openalex.org/W2594587145,Spatial and Temporal Stream Temperature Response to Contemporary Forest Harvesting in the Oregon Coast Range,NA,2015,conference-abstract,Kevin D. Bladon; N. A. Cook; Jeff Light; Catalina Segura; Mark L. Teply,Range (aeronautics); Environmental science; Geography; Remote sensing,NA,A5028722255,TRUE,,,,TRUE
https://openalex.org/W2734876903,On the Complexity of Catchment-Scale Temperature Response to Land Disturbance by Wildfire and Post-Fire Salvage Logging in the Rocky Mountains,NA,2015,conference-abstract,Kevin D. Bladon,Salvage logging; Disturbance (geology); Logging; Scale (ratio); Environmental science; Physical geography; Hydrology (agriculture); Drainage basin; Forestry; Geology; Ecology; Geography; Geomorphology; Forest ecology; Ecosystem; Cartography; Biology,NA,A5028722255,TRUE,,,,TRUE
https://openalex.org/W2759043690,Longer-term Stream Nitrogen Dynamics after Wildfire and Salvage Harvesting: Implications for Management Concepts based on Trajectories of Post-disturbance Watershed Recovery.,NA,2015,conference-abstract,U. Silins; Monica B. Emelko; Kevin D. Bladon; Micheal Stone; C. Williams; Amanda M. Martens; Michael J. Wagner,Disturbance (geology); Watershed; Term (time); Environmental science; Hydrology (agriculture); Patch dynamics; Environmental resource management; Nitrogen; Stream restoration; Computer science; Ecology; STREAMS; Ecosystem; Engineering; Geology; Geotechnical engineering; Biology; Chemistry; Geomorphology; Physics,NA,A5087821057,FALSE,,,,TRUE
https://openalex.org/W3022204504,Stable isotope analysis of energy dynamics in aquatic ecosystems suggests trophic shifts following severe wildfire,NA,2015,conference-abstract,Amanda M. Martens; U. Silins; Kevin D. Bladon; C. Williams; Michael J. Wagner; E. Luchkow,Trophic level; Isotope analysis; Ecosystem; Environmental science; Stable isotope ratio; Ecology; Aquatic ecosystem; Dynamics (music); Biology; Physics,NA,A5019572928,FALSE,,,,TRUE
https://openalex.org/W3153952457,Forest Harvesting of a Rocky Mountain Headwater Catchment: Assessing the Impacts on Runoff and Sediment Transport Into and Through Riparian Buffers,NA,2015,conference-abstract,K. Puntenney; Kevin D. Bladon; U. Silins,Surface runoff; Environmental science; Riparian zone; Hydrology (agriculture); Sediment; Riparian buffer; Drainage basin; STREAMS; Sediment transport; Ecology; Water resource management; Geography; Geology; Habitat; Geomorphology,NA,A5000903919,FALSE,,,,TRUE
https://openalex.org/W2525947495,The influence of pioneer riparian vegetation on river processes from the plant to reach scale,NA,2015,conference-abstract,Sharon Bywater‐Reyes,Riparian zone; Vegetation (pathology); Scale (ratio); Geography; Environmental science; Forestry; Hydrology (agriculture); Geology; Ecology; Cartography; Habitat; Biology,"Alluvial rivers have morphologies that are shaped to varying degrees by the character of the riparian vegetation they support. Floodplain vegetation produces bank cohesion, for example, which in turn is responsible for inducing river meandering that gives rise to in-channel bars suitable for pioneer vegetation recruitment. Once established, pioneer vegetation is inundated by channel-forming flows, where it interacts with flow and sediment transport processes. This dissertation quantifies interactions between in-channel pioneer vegetation, which is under-studied relative to floodplain vegetation, and river processes across spatial scales. At the seedling scale, I link field experiments measuring woody riparian seedling uprooting forces to numerical calculations of flow forces. Seedling uprooting sets the trajectory of vegetation-river interactions that may ensue if vegetation survives, becomes established and alters river morphodynamics at the patch, bar, and reach scales. I constrain the differential controls on seedlings’ resisting force, and show that substantial bed scour is required to uproot seedlings. These constraints on seedling uprooting conditions inform management strategies aimed at increasing or decreasing riparian species. I characterize relationships among topographic features created by vegetation patches on river bars and vegetation morphometric parameters. I show that flume-based hydraulic relationships poorly predict field observations. I also demonstrate that the signature of vegetation alters reach-scale morphology. This analysis, combined with one that characterizes the wavelengths of in-channel river topography, shows that vegetation and the topographic features it creates within a channel have a large influence on the distribution of shear stresses compared to other roughness features. Lastly, using a high-resolution hydrodynamic model that accounts for vegetation drag, I simulate the impact of vegetation succession on channel-bend and meander processes by changing the size and density of vegetation on an in-channel bar. A global sensitivity analysis shows that vegetation parameters are nearly as influential as channel characteristics in altering bend hydraulics. For a river reach, simulations show that a vegetated bar changes channel hydraulics and forces in a manner that would be expected to alter channel evolution, and explains qualitative observations of vegetation-mediated river morphologies. This research thus quantifies under which conditions pioneer seedlings can persist and alter channel topography, with implications for changing the morphology of rivers.",A5011808851,TRUE,,,,TRUE
https://openalex.org/W2592095302,Sensitivity analysis of channel-bend hydraulics influenced by vegetation,NA,2015,conference-abstract,Sharon Bywater‐Reyes; R. Manners; Richard R. McDonald; Andrew C. Wilcox,Hydraulics; Vegetation (pathology); Channel (broadcasting); Sensitivity (control systems); Environmental science; Hydrology (agriculture); Geology; Engineering; Geotechnical engineering; Telecommunications,NA,A5011808851,TRUE,,,,TRUE
https://openalex.org/W2269323234,Surface Water Quality and Aquatic Ecological Health in Central Appalachian Streams,NA,2015,conference-abstract,Nicholas A. Cook,STREAMS; Water quality; Ecology; Environmental science; Surface water; Appalachian Region; Geography; Aquatic ecosystem; Hydrology (agriculture); Geology; Biology; Environmental engineering; Physical geography; Computer science,"The Central Appalachian region is home to several resource-extraction industries, a host of globally unique aquatic wildlife species, and region-wide poverty. These overlapping circumstances make solving environmental issues in the region challenging. Of particular focus is the coal mining industry, both because of its prevalence and because of controversial methods of practice such as mountain top mining. One of the primary concerns in the region is the extirpation of sensitive aquatic macroinvertebrate species. Several studies have suggested the primary driver of this loss of biodiversity is due to increased conductivity in streams impacted by these mining practices. The reality is that several pollutant sources coexist in these Central Appalachian watersheds. Because of geographic isolation, many headwater communities lack proper sewerage and discharge directly into nearby waterways, compounding potential effects of upstream mining activities. Additionally, several legacy sites exist throughout the Appalachian region, both underground and surface mining in nature. To best mitigate ecological impacts of all of these pollutant types, relative contributions of each must be understood, as well as the nature of the pollution contributed by each. As a contribution towards this region-wide need for better information on pollution, the studies comprising this dissertation seek to better understand the composition of these different pollutant sources and their in-stream contributions to conductivity. The first paper found that these sources are indeed distinct in their inorganic ion make-up: surface coal mining was found to contribute primarily Ca, K, Ni, Se, and SO₄⁻², while untreated household waste (UHW) was primarily associated with P. HCO₃⁻ Mn, and Si were found to be associated with a legacy underground discharge. The second and third scientific studies included here analyzed conductivity's effect on Virginia Stream Condition Index (VSCI) versus other water quality and habitat parameters as well as the effect of specific ion suites on VSCI score. Findings indicated that excellent habitat extends species resilience against elevated conductivity, with passing VSCI scores found at conductivity in the 600-800 µs/cm range in cases of excellent habitat metric scores. Meanwhile, VSCI score suppression was highly related to surface mining-related inorganic ions (Ca, K, Mg, Ni, and SO₄⁻²), but also negatively correlated with ions related to UHW (P and Na). These results indicate the need for quantification of biological responses to specific ions in order to initiate targeted mitigate of pollutants in Central Appalachian watersheds.",A5112379240,TRUE,,,,TRUE
https://openalex.org/W232379231,Coupling Soil Oxygen and Greenhouse Gas Dynamics,NA,2015,conference-abstract,Karla M. Jarecke,Oxygen; Coupling (piping); Greenhouse gas; Environmental science; Atmospheric sciences; Chemistry; Physics; Materials science; Geology; Oceanography; Metallurgy,"Dynamic soil hydrology triggers important shifts in soil biogeochemical and physical processes that control greenhouse gas (GHG) emissions. Soil oxygen (O2), a direct control on biogenic GHG production (e.g. nitrous oxide-N2O, carbon dioxide-CO2 and methane-CH4), may serve as both an important proxy for determining sudden shifts in subsurface biogenic GHG production as well as the physical transport of soil GHG to the atmosphere. Recent technological advancements offer opportunities to link in-situ, near-continuous measurements of soil O2 concentration to soil biogeochemical processes and soil gas transport. Using high frequency data, this study asked: Do soil O2 dynamics correspond to soil GHG concentration and GHG surface flux? Change in subsurface CO2 and N2O concentrations were inversely related to short-term (< 48 hrs) change in soil O2 concentration at 10 and 20 cm whereas CH4 concentrations did not change in response to soil O2 dynamics. Although soil O2 dynamics at 10 cm did not correspond with change in surface N2O and CH4 flux, change soil O2 concentration at 10 cm had a significant positive linear relationship with change in surface CO2­ flux. Our study suggests that coupling near-continuous soil O2 concentration and soil gas flux under dynamic soil hydrology may lead to greater understanding of climate change feedbacks and serve as a relevant predictive tool for future climate change mitigation. Advisers: Amy J. Burgin and Terrence D. Loecke",A5078793960,TRUE,,,,TRUE
https://openalex.org/W2517872713,Using soil oxygen sensors to inform understanding of soil greenhouse gas dynamics,NA,2015,conference-abstract,Karla M. Jarecke; Terrance D. Loecke; Amy J. Burgin; Trenton E. Franz; S. Rubol,Environmental science; Greenhouse gas; Remote sensing; Geography; Geology; Oceanography,NA,A5078793960,TRUE,,,,TRUE
https://openalex.org/W2983573038,"Towards understanding the spatial and temporal characteristics of stream, hillslope, and groundwater runoff processes in a Rocky Mountain headwater catchment in Alberta, Canada",NA,2014,conference-abstract,Sheena A. Spencer; A. Anderson; U. Silins; Kevin D. Bladon; Adrian L. Collins,Surface runoff; Groundwater; Hydrology (agriculture); Drainage basin; Geology; STREAMS; Environmental science; Geography; Cartography; Ecology,NA,A5087687292,FALSE,,,,TRUE
https://openalex.org/W2514831005,"Impacts of Wildfire on Interception Losses and Net Precipitation in a Sub-Alpine Rocky Mountain Watershed in Alberta, Canada.",NA,2014,conference-abstract,C. Williams; U. Silins; Michael J. Wagner; Kevin D. Bladon; Amanda M. Martens; A. Anderson; Micheal Stone; Monica B. Emelko,Interception; Watershed; Precipitation; Environmental science; Physical geography; Geography; Hydrology (agriculture); Forestry; Geology; Meteorology; Ecology,NA,A5102904185,FALSE,,,,TRUE
https://openalex.org/W2513622495,Assessing the Impact of Active Land Management in Mitigating Wildfire Threat to Source Water Supply Quality,NA,2014,conference-abstract,Kevin D. Bladon; U. Silins; Monica B. Emelko; Mike Flannigan; Diane Dupont; François‐Nicolas Robinne; Xidan WANG; Marc‐André Parisien; Michael K. Stone; Dan K. Thompson; Cordy Tymstra; Don Schroeder; S. W. Kienzle; A. Anderson,Water quality; Quality (philosophy); Water supply; Business; Environmental planning; Environmental science; Environmental resource management; Water resource management; Natural resource economics; Environmental engineering; Economics,NA,A5028722255,TRUE,,,,TRUE
https://openalex.org/W2559476986,Impacts of Wildfire and Salvage Harvesting on Stream Nitrogen across Nine Years of Watershed Research,NA,2014,conference-abstract,Kevin D. Bladon; U. Silins; C. Williams; Amanda M. Martens; Michael J. Wagner; Monica B. Emelko; Micheal Stone,Watershed; Environmental science; Hydrology (agriculture); Forestry; Geography; Geology; Computer science,NA,A5028722255,TRUE,,,,TRUE
https://openalex.org/W2187385830,RAPID COMMUNICATION / COMMUNICATION RAPIDE Iron is not responsible for Didymosphenia geminata bloom formation in phosphorus-poor rivers,NA,2012,conference-abstract,Max L. Bothwell; Cathy Kilroy; Brad W. Taylor; Eric T. Ellison; Daniel James; Carole‐Anne Gillis; Kevin D. Bladon; U. Silins,Phosphorus; Diatom; Bloom; Algal bloom; Ecology; Environmental science; Biology; Chemistry; Phytoplankton; Nutrient,"Blooms of the river benthic diatom Didymosphenia geminata are an enigma because they occur under phosphorus-poor conditions. A recent proposal that ferric–ferrous iron redox shifts sequester the additional phosphorus needed to stimulate and sustain D. geminata blooms does not agree with published experimental data showing that blooms only occur when cells are phosphorus-limited. The “iron hypothesis ” also infers that blooms would be favoured in rivers with elevated iron, and management should target iron. Surveys of rivers around the world affected by D. geminata show that blooms most often occur in iron-poor rivers. Phosphorus uptake experiments conducted under realistic environmental conditions with living D. geminata colonies showed no effect of iron enrichment on phosphorus uptake. Iron does not solve the mystery of D. geminata growth causing nuisance blooms worldwide. Résumé: Les proliférations de la diatomée benthique de rivière Didymosphenia geminata constituent une énigme puisqu’elles se produisent dans des conditions d’appauvrissement en phosphore. Il a récemment été proposé que des changements d’oxydoréduction du fer ferrique au fer ferreux retiennent le phosphore supplémentaire nécessaire pour stimuler et soutenir les proliférations de D. geminata. Ce postulat ne concorde toutefois pas avec les données expérimentales publiées qui démontrent que les proliférations ne se produisent que quand le phosphore est restreint. Il décellsle également de cette « hypothèse du fer » que les rivières présentant de fortes teneurs en fer favoriseraient ces proliférations et que les mesures d’aménagement devraient cibler le fer. Les études de rivières affectées par D. geminata",A5112299114,FALSE,,,,TRUE
https://openalex.org/W2984943639,"Historical analysis of water quantity and quality in the Elbow River watershed, Alberta, Canada",NA,2012,conference-abstract,Kevin D. Bladon; J. L. Dixon; U. Silins; Monica B. Emelko,Watershed; Water resource management; Water quality; Quality (philosophy); Hydrology (agriculture); Environmental science; Geography; Engineering; Computer science,NA,A5028722255,TRUE,,,,TRUE
https://openalex.org/W2994783262,Effects of Wildfire and Salvage Logging on Stream Temperature in Front Range Rocky Mountains: A Long Term Perspective,NA,2012,conference-abstract,Amanda M. Martens; Michael J. Wagner; U. Silins; C. Williams; S. Boon; Kevin D. Bladon; Mandy L. Stone; Monica B. Emelko,Logging; Term (time); Perspective (graphical); Front (military); Range (aeronautics); Environmental science; Salvage logging; Geography; Remote sensing; Geology; Forestry; Meteorology; Ecology; Engineering; Forest ecology; Ecosystem; Computer science; Physics; Biology,NA,A5019572928,FALSE,,,,TRUE
https://openalex.org/W3020521860,Differential recovery of water quality parameters eight years after severe wildfire and salvage logging in Alberta's southern Rocky Mountains,NA,2012,conference-abstract,U. Silins; Kevin D. Bladon; Mandy L. Stone; Monica B. Emelko; Anthony Collins; S. Boon; C. Williams; Michael J. Wagner; Amanda M. Martens; A. Anderson,Salvage logging; Logging; Water equivalent; Forestry; Water quality; Geology; Hydrology (agriculture); Quality (philosophy); Environmental science; Geography; Geomorphology; Snow; Ecology; Forest ecology; Geotechnical engineering,NA,A5087821057,FALSE,,,,TRUE
https://openalex.org/W2615040632,Compendium of forest hydrology and geomorphology in British Columbia.,NA,2010,conference-abstract,Robin Pike; Todd Redding; R. D. Moore; Rita Winkler; Kevin D. Bladon,Compendium; Hydrology (agriculture); Geography; Geology; Archaeology; Forestry; Geotechnical engineering,NA,A5047561342,FALSE,,,,TRUE
https://openalex.org/W7198461342,Climate change effects on watershed processes in British Columbia,NA,2010,conference-abstract,Robin Pike; Katrina E. Bennett; Todd Redding; Arelia T. Schoeneberg (Werner); David L. Spittlehouse; R. D. (Dan) Moore; Trevor Q. Murdock; Jos Beckers; Brian Smerdon; Kevin D. Bladon; Vanessa N. Foord; David Campbell; Peter Tschaplinski,Watershed; Climate change; Hydrology (agriculture); Effects of global warming; Global warming; Water resources,"A changing climate in British Columbia is expected to have many important effects on watershed processes that in turn will affect values such as water quality, water supplies, slope stability, and terrestrial and aquatic habitats. In many parts of British Columbia, the effects of too much or too little water have already been observed and it is possible that an increased probability of droughts, floods, and landslides will result in considerable socio-economic, biological, and (or) physical changes in the future (Spittlehouse and Stewart 2004; Walker and Sydneysmith 2007). The influence of climate change on watershed processes is critically important to understand and to manage for now and in the future, as these functions directly determine human well-being in terms of public health, the economy, communities, and cultures.",A5047561342,FALSE,,,,TRUE
https://openalex.org/W2135242099,Wildfire and Watershed Hydrology: Key Findings from a Workshop,NA,2009,conference-abstract,Kevin D. Bladon; Todd Redding,Watershed; Hydrology (agriculture); Environmental science; Watershed management; Water quality; Natural (archaeology); Resource (disambiguation); Water resources; Forest management; Environmental resource management; Water resource management; Geography; Ecology; Agroforestry; Geology; Computer science,"Natural disturbances, such as wildfire, can have significant impacts on geomorphic processes and watershed functions (Moore et al. 2008; Neary et al. 2008; Silins et al. 2009). Incremental effects on many watershed values can also occur, along with delayed recovery, resulting from post-fire land management activities (e.g., salvage harvesting) (Peterson et al. 2009). However, information is very limited regarding the potential impacts of wildfire and salvage harvesting on critical watershed values such as water quantity, water quality, and aquatic ecology. To sustain Canada’s forest resources, natural resource managers and policy-makers will need to understand the role of water in forest ecosystems and the likely hydrologic and geomorphic Wildfire and Watershed Hydrology: Key Findings from a Workshop",A5028722255,TRUE,,,,TRUE
https://openalex.org/W3041741013,After the fire’s out: Catchment-scale effects of wildfire on runoff and flow regime in the Canadian Rocky Mountains,NA,2009,conference-abstract,U. Silins; Kevin D. Bladon; S. Boon; Micheal Stone; Monica B. Emelko; Cory T. Williams; Michael J. Wagner,Surface runoff; Scale (ratio); Environmental science; Geography; Hydrology (agriculture); Drainage basin; Physical geography; Ecology; Geology; Cartography,NA,A5087821057,FALSE,,,,TRUE
https://openalex.org/W2164006946,"Impacts of wildfire and post-fire salvage logging on sediment transfer in the Oldman watershed, Alberta, Canada",NA,2008,conference-abstract,U. Silins; Micheal Stone; Monica B. Emelko; Kevin D. Bladon,Snowmelt; Baseflow; Hydrology (agriculture); Salvage logging; Sediment; Environmental science; Logging; Watershed; Drainage basin; Streamflow; Geology; Forestry; Snow; Geomorphology; Geography; Ecology; Ecosystem,"The 2003 Lost Creek fire burned 21 000 ha of forested land in the Oldman River basin, Alberta, Canada. Seven watersheds, with varying degrees of natural and man-made land disturbance (burned, post- fire salvage logged, unburned) were monitored for three years to assess sediment concentrations and production (export and yield) over a range of flow regimes (spring melt, baseflow and stormflow). Suspended sediment concentrations were 6-times higher in burned watersheds and 11-times higher in post- fire salvage logged watersheds than in unburned watersheds. Sediment availability was greater in both burned and post-fire salvage logged watersheds but varied with flow condition; particularly during the snowmelt freshet and stormflow. In burned watersheds, sediment yield was 5-times higher during snowmelt and 13-times higher during stormflow than in unburned watersheds. Post-fire salvage logging produced much greater impacts than wildfire alone, with mean sediment yield 19-times higher during snowmelt and 9-times higher during stormflow compared to unburned watersheds.",A5087821057,FALSE,,,,TRUE
https://openalex.org/W3033921920,"Ecohydrological Response to Severe Disturbance by Wildfire and Salvage Logging in Oligotrophic Rocky Mountain Watersheds: Nutrient Loading, Plant Productivity, and Benthic Macroinvertebrate Community Response.",NA,2008,conference-abstract,U. Silins; Kevin D. Bladon; Ellen Esch; John R. Spence; Micheal Stone; Monica B. Emelko; Michael J. Wagner; C. Williams; Ian Tichkowsky; S. Boon; K. J. Devito; C. A. Mendoza,Environmental science; Benthic zone; Productivity; Disturbance (geology); Logging; Nutrient; Ecology; Ecosystem; Hydrology (agriculture); Ecohydrology; Plant community; Geology; Ecological succession; Biology,NA,A5087821057,FALSE,,,,TRUE
https://openalex.org/W3041843284,Wildfire and Salvage Logging Impacts on Stream Water Nitrogen in Southern Alberta's Rocky Mountains,NA,2008,conference-abstract,Kevin D. Bladon; U. Silins; Michael J. Wagner; Micheal Stone; Monica B. Emelko; C. A. Mendoza; K. J. Devito; S. Boon,Logging; Environmental science; Geography; Hydrology (agriculture); Forestry; Geology,NA,A5028722255,TRUE,,,,TRUE
https://openalex.org/W3035931262,Differential Atmospheric Controls on Transpiration of Boreal Trees: A Potential Factor in Pre-mature Tree Mortality in Green-Tree Retention Strategies,NA,2004,conference-abstract,Kevin D. Bladon; U. Silins; Victor J. Lieffers,Tree (set theory); Transpiration; Taiga; Boreal; Environmental science; Differential (mechanical device); Forestry; Atmospheric sciences; Biology; Botany; Ecology; Mathematics; Geography; Photosynthesis; Engineering; Geology,NA,A5028722255,TRUE,,,,TRUE
https://openalex.org/W4415508519,Weathering of organic-rich shales controls black carbon export via rivers,https://doi.org/10.7185/gold2025.32272,2025,conference-paper,Sasha Wagner; Alex Collins; Riley Barton; Madelyn Miller; Justin Park; Sebastian Barkett; Julia Hubbard; Morgan F. Schaller,Weathering; Carbon black; Carbon fibers; Total organic carbon; Deposition (geology),NA,A5022674236,FALSE,,,,TRUE
https://openalex.org/W4411145234,MODELING THE FORMATION OF KNICKPOINTS AND SLOT CANYONS IN THE BOONE LIMESTONE,https://doi.org/10.1130/abs/2025sc-408863,2025,conference-paper,M. D. Covington; Max P. Cooper; Evan Thaler,Canyon; Geology; Geomorphology,NA,A5006469251,FALSE,,,,TRUE
https://openalex.org/W4409262420,Towards High-fidelity Head Blending with Chroma Keying for Industrial Applications,https://doi.org/10.1109/wacv61041.2025.00603,2025,conference-paper,Hah Min Lew; Sahng-Min Yoo; Hyunwoo Kang; Gyeong-Moon Park,Keying; Computer science; Head (geology); Fidelity; High fidelity; Computer hardware; Telecommunications; Engineering; Electrical engineering; Geology,"We introduce an industrial Head Blending pipeline for the task of seamlessly integrating an actor's head onto a target body in digital content creation. The key challenge stems from discrepancies in head shape and hair structure, which lead to unnatural boundaries and blending artifacts. Existing methods treat foreground and back-ground as a single task, resulting in suboptimal blending quality. To address this problem, we propose CHANGER, a novel pipeline that decouples background integration from foreground blending. By utilizing chroma keying for artifact-free background generation and introducing Head shape and long Hair augmentation (H2augmen-tation) to simulate a wide range of head shapes and hair styles, CHANGER improves generalization on innumerable various real-world cases. Furthermore, our Fore-ground Predictive Attention Transformer (FPAT) module enhances foreground blending by predicting and focusing on key head and body regions. Quantitative and qualitative evaluations on benchmark datasets demonstrate that our CHANGER outperforms state-of-the-art methods, de-livering high-fidelity, industrial-grade results.",A5044050827,FALSE,,,,TRUE
https://openalex.org/W3208383763,PREDICTING WILDFIRE EFFECTS ON STREAMFLOW USING HYDROLOGIC MODELING,https://doi.org/10.1130/abs/2021am-365564,2021,conference-paper,Katie Wampler; Kevin D. Bladon; Monireh Faramarzi,Streamflow; Environmental science; Hydrological modelling; Hydrology (agriculture); Geology; Climatology; Geography; Cartography; Drainage basin; Geotechnical engineering,NA,A5019479191,TRUE,,,,TRUE
https://openalex.org/W3047044233,A global assessment of wildfire risks to human and environmental water security,https://doi.org/10.13140/rg.2.2.26826.98249,2017,conference-paper,François‐Nicolas Robinne; Marc‐André Parisien; Mike Flannigan; Carol Miller; Kevin D. Bladon,Environmental security; Water security; Environmental planning; Environmental resource management; Risk assessment; Business; Environmental science; Environmental protection; Geography; Water resources; Computer science; Computer security; Political science; Ecology,NA,A5031419714,FALSE,,,,TRUE
https://openalex.org/W2775130463,"RELATIVE INFLUENCE OF LANDSCAPE VARIABLES, DISCHARGE, AND FOREST MANAGEMENT ON SEDIMENT YIELDS IN TEMPERATE MOUNTAIN CATCHMENTS",https://doi.org/10.1130/abs/2017am-301211,2017,conference-paper,Sharon Bywater‐Reyes; Kevin D. Bladon; Catalina Segura,Temperate climate; Environmental science; Sediment; Hydrology (agriculture); Temperate forest; Geography; Physical geography; Geology; Ecology; Geomorphology; Geotechnical engineering,NA,A5011808851,TRUE,,,,TRUE
https://openalex.org/W2775319353,DETERMINING THE SOURCES OF SUSPENDED SEDIMENT IN OREGON COAST RANGE HEADWATER STREAMS FOLLOWING FOREST-HARVESTING OPERATIONS,https://doi.org/10.1130/abs/2017am-303444,2017,conference-paper,Aaron A. Rachels; Kevin D. Bladon; Sharon Bywater‐Reyes,STREAMS; Range (aeronautics); Sediment; Environmental science; Hydrology (agriculture); Oceanography; Geology; Computer science; Engineering; Geomorphology; Geotechnical engineering; Computer network,NA,A5086753779,TRUE,,,,TRUE
https://openalex.org/W2775430739,COMPARATIVE EFFECTS OF DIFFERENT POST-FIRE LAND MANAGEMENT STRATEGIES ON HILLSLOPE SEDIMENT YIELD,https://doi.org/10.1130/abs/2017am-304190,2017,conference-paper,Ryan Cole; Kevin D. Bladon; Joe Wagenbrenner; Drew Coe,Environmental science; Sediment; Yield (engineering); Hydrology (agriculture); Remote sensing; Soil science; Geology; Geotechnical engineering; Geomorphology; Materials science,NA,A5074641171,FALSE,,,,TRUE
https://openalex.org/W2994301451,Creating a spatially-explicit index: a method for assessing the global wildfire-water risk,https://doi.org/10.13140/rg.2.2.13405.20966,2017,conference-paper,François‐Nicolas Robinne; Marc‐André Parisien; Mike Flannigan; Carol Miller; Kevin D. Bladon,Index (typography); Environmental science; Computer science,NA,A5031419714,FALSE,,,,TRUE
https://openalex.org/W2775007062,INVESTIGATING THE HILLSLOPE AND IN-CHANNEL DRIVERS OF TRANSPORT CAPACITY IN VARIABLE LITHOLOGY: A CASE STUDY IN THE OREGON COAST RANGE,https://doi.org/10.1130/abs/2017am-304500,2017,conference-paper,Mulu Fratkin; Catalina Segura; Sharon Bywater‐Reyes,Lithology; Range (aeronautics); Channel (broadcasting); Variable (mathematics); Geology; Environmental science; Hydrology (agriculture); Computer science; Telecommunications; Geotechnical engineering; Engineering; Petrology; Aerospace engineering,NA,A5061840028,FALSE,,,,TRUE
https://openalex.org/W4388729121,Canada Source Watershed Polygons (Can-SWaP): A dataset for the protection of Canada’s municipal water supply,https://doi.org/10.1038/s41597-023-02732-9,2023,data-paper,François‐Nicolas Robinne; Chloé Lamache; Dan K. Thompson; Jason A. Leach; Kevin D. Bladon,Swap (finance); Watershed; Environmental science; Water supply; Surface water; Water resource management; STREAMS; Hydrology (agriculture); Environmental resource management; Business; Environmental engineering; Computer science; Engineering,"Over 80% of municipal (i.e., excluding industrial and agricultural) water use in Canada comes from streams, lakes, and reservoirs. These freshwater bodies and their catchments require adequate protection to secure drinking water supply for Canadians. Canada, like most countries, lacks a consolidated national dataset of municipal catchments, arguably due to gaps in data availability. Against this backdrop, we present the Canada Source Watershed Polygons dataset, or Can-SWaP. Can-SWaP was created using point locations of more than 3,300 municipal water licences defining rights to surface water withdrawal. Where possible, the resulting 1,574 catchments were assessed for accuracy in spatial coverage against provincial and local datasets. Each watershed in Can-SWaP has an estimated water volume used for municipal water purposes derived from licencing data, and several variables from RiverATLAS for investigating the integrity of surface drinking water sources in Canada. Furthermore, basing our method on the HydroSHEDS suite of global products offers a robust framework for the production of other national datasets following an established international standard.",A5031419714,FALSE,,,,TRUE
https://openalex.org/W7167922671,"Radiocarbon age at Teller and Kougarok field sites, Seward Peninsula, Alaska",https://doi.org/10.15485/3363470,2026,dataset,Joanmarie Del Vecchio; Evan Thaler; Eitan Shelef; Michael M. Fratkin; Emma Lathrop; Lauren Thomas; Margaret Farley; J. C. Rowland,Permafrost; Arctic; Tundra; Radiocarbon dating; Thermokarst; Earth system science; Beringia; Cryosphere; Carbon cycle,"With extreme climate warming in the Arctic, there is increasing focus on permafrost stability and improving understanding of the impacts of thawing permafrost. Understanding the stability of carbon in Arctic permafrost supports our understanding of the global carbon cycle. Organic (plant / wood) samples were collected from varying depths and landscape features at the Teller 33, Teller 47, Teller 51, Kougarok 64, and Kougarok 86 field sites on the Seward Peninsula, Alaska in the summers of 2014, 2017, 2019, and 2021. Carbon 13 and 14 isotopes were measured to find radiocarbon age for collected samples. We also report fraction modern and delta 14C. This dataset contains a *.csv file of radiocarbon measurements and a *.kml file of measurement locations. The Next-Generation Ecosystem Experiments: Arctic (NGEE Arctic), was a research effort to reduce uncertainty in Earth System Models by developing a predictive understanding of carbon-rich Arctic ecosystems and feedbacks to climate. NGEE Arctic was supported by the Department of Energy’s Office of Biological and Environmental Research. The NGEE Arctic project had two field research sites: 1) located within the Arctic polygonal tundra coastal region on the Barrow Environmental Observatory (BEO) and the North Slope near Utqiagvik (Barrow), Alaska and 2) multiple areas on the discontinuous permafrost region of the Seward Peninsula north of Nome, Alaska. Through observations, experiments, and synthesis with existing datasets, NGEE Arctic provided an enhanced knowledge base for multi-scale modeling and contributed to improved process representation at global pan-Arctic scales within the Department of Energy’s Earth system Model (the Energy Exascale Earth System Model, or E3SM), and specifically within the E3SM Land Model component (ELM).",A5029442137,FALSE,,,,TRUE
https://openalex.org/W7168652752,"Soil carbon stocks from soil organic carbon at the Teller 47, Teller 27, and Kougarok 86 field sites, Seward Peninsula, Alaska, 2021 – 2023",https://doi.org/10.15485/3030222,2026,dataset,Margaret Shepherd Farley; Evan Thaler; Joanmarie Del Vecchio; Lauren Thomas; George Perkins; Rose Adams; Samantha Peterson; J. C. Rowland,Permafrost; Soil carbon; Soil water; Carbon fibers; Soil test; Total organic carbon; Soil horizon; Carbon cycle,"Carbon stored in permafrost soils represents the largest terrestrial storage and hence has key significance for the global carbon cycle, yet the site-specific estimates of permafrost soil carbon are limited. To better understand permafrost carbon storage, soil organic content (SOC) was measured from soils collected at the Teller 27, Teller 47, and Kougarok 86 field sites on the Seward Peninsula, Alaska in the summers of 2019 and 2021-2023. Soil samples were collected from locations with and without near-surface permafrost to varied depths within the permafrost, where present. In addition to sample collection for soil organic carbon analysis, bulk density samples were also collected within each soil profile to allow for calculation of carbon stocks. Carbon to nitrogen ratios are also reported. Location data were collected at each observation point using a handheld GPS unit with waypoint averaging to reduce location measurement error to within 3 m. SOC was measured using elemental analysis in the laboratory. This dataset contains a *.csv file of soil carbon stocks, a *.kml file of measurement locations, a *.pdf user guide, a *.csv data dictionary, and a *.csv file level metadata.",A5133319929,FALSE,,,,TRUE
https://openalex.org/W7167804504,Nitrogen forms and discharge dataset from the Lane 1 Fire 2024,https://doi.org/10.5281/zenodo.20671466,2026,dataset,Manon van den Bogaart; Marta Basso; Katherine McCredie; Humyra Murshed; João Pedro Nunes; Kevin D. Bladon,Nitrogen; Storm; Field (mathematics); Hydrology (agriculture); Scripting language,"This dataset includes field collected data and the scripts used for data analysis. Nitrogen concentrations (NO3, NH3, TDN, TDON, TDIN) and the discharge values collected and at the Lane 1 Fire, Oregon, USA for two storm events in the fall 2024 and winter 2025 are in form of .csv file. The scripts were developed using Rstudio. This data package is associated with the publication: Bogaart et al. (in press).",A5004880961,FALSE,,,,TRUE
https://openalex.org/W7167818153,Nitrogen forms and discharge dataset from the Lane 1 Fire 2024,https://doi.org/10.5281/zenodo.20671465,2026,dataset,Manon van den Bogaart; Marta Basso; Katherine McCredie; Humyra Murshed; João Pedro Nunes; Kevin D. Bladon,Nitrogen; Storm; Field (mathematics); Hydrology (agriculture); Scripting language,"This dataset includes field collected data and the scripts used for data analysis. Nitrogen concentrations (NO3, NH3, TDN, TDON, TDIN) and the discharge values collected and at the Lane 1 Fire, Oregon, USA for two storm events in the fall 2024 and winter 2025 are in form of .csv file. The scripts were developed using Rstudio. This data package is associated with the publication: Bogaart et al. (in press).",A5004880961,FALSE,,,,TRUE
https://openalex.org/W4410037054,"Hydrology, rather than wildfire burn extent, determines post-fire organic and black carbon export from mountain rivers in central coastal California [Dataset]",https://doi.org/10.4211/hs.421c0226bb38460c8393d67fe0c4f802,2025,dataset,Riley Barton; Christina Richardson; Evelyn Pae; Maya Montalvo; Michael Redmond; Margaret Zimmer; Sasha Wagner,Environmental science; Hydrology (agriculture); Total organic carbon; Ecology; Geology; Biology,"Coastal mountain rivers export disproportionately high quantities of terrestrial organic carbon directly to the ocean, feeding microbial communities and altering coastal ecology. To better predict and mitigate the effects of wildfires on aquatic ecosystems and resources, we must evaluate the relationships between fire, hydrology, and carbon export, particularly in the fire-prone western United States. This study examined the spatiotemporal export of particulate and dissolved organic carbon (POC and DOC, respectively) and particulate and dissolved black carbon (PBC and DBC, respectively) from five coastal mountain watersheds following the 2020 CZU Lightning Complex Fires (California, USA). Despite high variability in watershed burn extent (20-100%), annual POC, DOC, PBC, and DBC concentrations remained relatively stable among the different watersheds. Instead, they correlated significantly with watershed discharge. Our findings indicate that hydrology, rather than burn extent, is a primary driver of post-fire carbon export in coastal mountain watersheds.",A5085518729,TRUE,,,,TRUE
https://openalex.org/W4413630776,"Hydrology, rather than wildfire burn extent, determines post-fire organic and black carbon export from mountain rivers in central coastal California [Dataset]",https://doi.org/10.4211/hs.26f08ef7fe344fcb9d3da45160b697fe,2025,dataset,Riley Barton; Christina Richardson; Evelyn Pae; Maya Montalvo; Michael Redmond; Margaret Zimmer; Sasha Wagner,Environmental science; Hydrology (agriculture); Geology,"Coastal mountain rivers export disproportionately high quantities of terrestrial organic carbon directly to the ocean, feeding microbial communities and altering coastal ecology. To better predict and mitigate the effects of wildfires on aquatic ecosystems and resources, we must evaluate the relationships between fire, hydrology, and carbon export, particularly in the fire-prone western United States. This study examined the spatiotemporal export of particulate and dissolved organic carbon (POC and DOC, respectively) and particulate and dissolved black carbon (PBC and DBC, respectively) from five coastal mountain watersheds following the 2020 CZU Lightning Complex Fires (California, USA). Despite high variability in watershed burn extent (20-100%), annual POC, DOC, PBC, and DBC concentrations remained relatively stable among the different watersheds. Instead, they correlated significantly with watershed discharge. Our findings indicate that hydrology, rather than burn extent, is a primary driver of post-fire carbon export in coastal mountain watersheds.",A5085518729,TRUE,,,,TRUE
https://openalex.org/W7169511939,Longitudinal surveys of stream salmonids in the Hinkle Creek watershed to quantify responses to forest management and wildfire,https://doi.org/10.7267/gf06gb97s,2025,dataset,Jansen Ivie; David Roon; Kevin Bladon; Dana Warren,Watershed; STREAMS; Disturbance (geology); Forest management; Trout; Fish migration; Biota; Riparian zone; Watershed area,"Across landscapes, historic forest disturbances interact with contemporary disturbances to influence the responses of biota. In streams of western portions of the Pacific Northwest of North America, forest management (logging) is an important landscape disturbance from the past century. More recently, this region has also seen increases in wildfire. As we explore wildfire impacts to aquatic biota in forested streams, it is valuable to contextualize post-fire fish responses relative to earlier disturbance to understand relative impacts and to acknowledge potential legacy effects. Most stream fish surveys are conducted in a smaller section of the stream and then results are extrapolated to the larger system. Riverscape approaches collected at both high resolution and across broad spatial extents/continuously through river systems can offer a powerful approach to more effectively capture spatial and temporal variation within watersheds and provide a comprehensive picture of forest management and wildfire effects on streams fishes. In this study, we collected a spatiotemporal dataset of longitudinal patterns of salmonid fish abundance at a watershed-scale over 13 years before and after multiple forest disturbances in the Hinkle Creek watershed of western Oregon, USA. Focal species and life stages considered in this analysis included resident populations of coastal cutthroat trout (Oncorhynchus clarkii clarkii), anadromous populations of steelhead (Oncorhynchus mykiss), and young-of-year life stages of both species. Fish were sampled and quantified for every pool along the mainstem of two paired sub-catchments of Hinkle Creek in central Oregon, USA (South Fork Hinkle Creek and North Fork Hinkle Creek). In the forest management experiment conducted from 2001 to 2011, data were collected in a before-after control-impact study framework with North Fork Hinkle Creek (NFHC) as the reference catchment and South Fork Hinkle Creek (SFHC) as the treatment catchment. Both catchments burned in 2020 in the Archie Creek fire. With the reference site lost, only SFHC was surveyed in the post-fire sampling. Overall, data were collected over four distinct time periods that ref, including pre-harvest (2001-2005), post-harvest in the headwaters (2006-2008), post-harvest along the lower mainstem (2009-2011), and after high severity wildfire with post-fire salvage logging (2022, 2023).",A5067345605,TRUE,,,,TRUE
https://openalex.org/W4394130479,Consequences of spatial structure in soil–geomorphic data on the results of machine learning models,https://doi.org/10.6084/m9.figshare.23968019,2023,dataset,Daehyun Kim; Insang Song; Lorrayne Miralha; Daniel R. Hirmas; Ryan W. McEwan; Tom Mueller; Pavel Šamonil,Computer science; Earth science; Geology,"In this paper, we examined the degree to which inherent spatial structure in soil properties influences the outcomes of machine learning (ML) approaches to predicting soil spatial variability. We compared the performances of four ML algorithms (support vector machine, artificial neural network, random forest, and random forest for spatial data) against two non-ML algorithms (ordinary least squares regression and spatial filtering regression). None of the ML algorithms produced residuals that had lower mean values or were less autocorrelated over space compared with the non-ML approaches. We recommend the use of random forest when a soil variable of interest is weakly autocorrelated (Moran’s I < 0.1) and spatial filtering regression when it is relatively strongly autocorrelated (Moran’s I > 0.4). Overall, this work opens the door to a more consistent selection of model algorithms through the establishment of threshold criteria for spatial autocorrelation of input variables.",A5100374566,FALSE,,,,TRUE
https://openalex.org/W4307325088,Caspar Creek Experimental Watersheds Phase 2 (1985-2017) data (3rd Edition),https://doi.org/10.2737/rds-2020-0018-3,2022,dataset,Paul Richardson; Jayme E. Seehafer; Elizabeth T. Keppeler; Diane G. Sutherland; Joseph W. Wagenbrenner; Kevin D. Bladon; Salli F. Dymond; Ryan P. Cole; Katherine B. Lininger; S. Hilton,Resource (disambiguation); Research data; Data archive; Library science; Service (business); Agriculture; Range (aeronautics); Geography; Environmental resource management; Computer science; Environmental science; Database; Business; Archaeology; Engineering,"This archive contains research data collected and/or funded by Forest Service Research and Development (FS R&D), U.S. Department of Agriculture. It is a resource for accessing both short and long-term FS R&D research data, which includes Experimental Forest and Range data. It is a way to both preserve and share the quality science of our researchers.",A5009925703,FALSE,,,,TRUE
https://openalex.org/W4394499634,"Baseline geographic information on wildfire-watershed risk in Canada: needs, gaps, and opportunities",https://doi.org/10.6084/m9.figshare.19206692,2022,dataset,François‐Nicolas Robinne; Catherine Paquette; Dennis W. Hallema; Kevin D. Bladon; Marc‐André Parisien,Baseline (sea); Watershed; Geography; Environmental resource management; Cartography; Environmental planning; Environmental science; Computer science; Political science,"Baseline geographic information on wildfire-watershed risk in Canada: needs, gaps, and opportunities",A5031419714,FALSE,,,,TRUE
https://openalex.org/W4237255625,Caspar Creek Experimental Watersheds Phase 2 (1985-2017) data (2nd Edition),https://doi.org/10.2737/rds-2020-0018-2,2020,dataset,Paul Richardson; Jayme E. Seehafer; Elizabeth T. Keppeler; Diane G. Sutherland; Joseph W. Wagenbrenner; Kevin D. Bladon; Salli F. Dymond; Ryan P. Cole,Research data; Resource (disambiguation); Library science; Service (business); Agriculture; Computer science; Geography; Forestry; World Wide Web; Business; Archaeology; Computer network; Marketing,"This archive contains research data collected and/or funded by Forest Service Research and Development (FS R&D), U.S. Department of Agriculture. It is a resource for accessing both short and long-term FS R&D research data, which includes Experimental Forest and Range data. It is a way to both preserve and share the quality science of our researchers.",A5009925703,FALSE,,,,TRUE
https://openalex.org/W4247728892,Caspar Creek Experimental Watersheds Soil Moisture Dataset,https://doi.org/10.4211/hs.77664f7a07854e17b29557fe308b3dfa,2020,dataset,Salli F. Dymond; Kevin D. Bladon; Elizabeth T. Keppeler; Joe Wagenbrenner,Environmental science; Hydrology (agriculture); Moisture; Water content; Soil science; Geology; Geography; Geotechnical engineering; Meteorology,"The Caspar Creek Experimental Watersheds (CCEW) are a long-term USDA Forest Service research site located near Fort Bragg, California in the Jackson Demonstration State Forest. The CCEW consists of two experimental watersheds: the North Fork (479 ha) and the South Fork (417 ha). Since 1962, the US Forest Service Pacific Southwest Research Station has been collecting measurements of precipitation, streamflow, and sediment transport; these data are maintained and archived by the USFS. Since their establishment, three timber harvesting experiments have been conducted at the CCEW. The first experimental harvest (Phase 1) was a selective cut (66% removal of pre-treatment basal area) conducted in the South Fork watershed using tractor yarding in the early 1970s. Phase 1 of the project includes data from 1962 to 1985. Gauging stations were added in 12 sub-watersheds of the North Fork by 1985 in preparation for the second experimental harvest (Phase 2). Phase 2 of the project includes data from 1985 to 2017. From 1985 to 1992, roughly half of the North Fork watershed was clearcut, mainly using cable yarding, and following the newly-enacted Forest Practice Rules. Two additional gauges were added in North Fork sub-watersheds in 1999 and 2001. Gauging stations were added in 10 sub-watersheds of the South Fork in 2000 in preparation for a third harvesting experiment (Phase 3). Logging for the third harvest occurred in 2017-2019 in the South Fork watershed. This data publication contains soil volumetric water content values (cm3 cm-3) at 15, 30, and 100 cm soil depth in three South Fork Caspar Creek sub-watersheds. Measurements were collected from one transect in each subcatchment, which consisted of plots at five hillslope positions—riparian, toeslope, sideslope, shoulder, and ridge (15 sample plots total). Samples were collected at 10 minute intervals using METER EC5 sensors (METER Group, Inc., Pullman, WA, USA; resolution: 0.001 m3 m-3; accuracy +/- 0.03 m3 m-3) vertically into the soil. Measurements start in fall 2015 extend to July 31, 2018. Specifically, the measurements were collected from Treat (TRE; 14 ha); Williams (WIL; 26 ha), and Ziemer (ZIE; 26 ha). Vegetation in the South Fork is dominated by third-growth coast redwood (Sequoia sempervirens (D. Don) Endl.), Douglas-fir (Pseudotsuga menziesii (Mirb.) Franco), grand fir (Abies grandis (Doug. ex D. Don) Lindl.), and western hemlock (Tsuga heterophylla (Raf.) Sarg.), with smaller amounts of tanoak (Lithocarpus densiflorus (Fook. and Arn.) Rohn) and red alder (Alnus rubus Bong.). Soils in the sub-basin are predominately well-drained clay-loam Ultisols and Alfisols derived from Franciscan sandstones and shales.",A5059498338,FALSE,,,,TRUE
https://openalex.org/W4213123087,Bilan hydrique et sécheresses dans les conditions actuelles et futures dans le bassin du fleuve Congo,https://doi.org/10.1002/9781119842125.ch10,2022,other,Venkataramana Sridhar; Hyunwoo Kang; Syed Azhar Ali; Gode B. Bola; Raphaël M. Tshimanga; V. Lakshmi,Forestry; Geography; Humanities; Art,"Une évaluation hydrologique multi-modèles dans le Bassin du Congo est réalisée pour évaluer les conditions de disponibilité de l'eau pour les périodes historiques et futures (1913–2099). Puisque les modèles sont limités par de rares observations in situ, une combinaison de données satellitaires GRACE et d'indices de sécheresse basés sur l'humidité du sol s'avère capable d'estimer le bilan hydrique, le débit, la sécheresse et la variabilité du stockage. Les changements dans l'utilisation et la couverture des terres ont joué un rôle dans la modification des réponses hydrologiques, mais se sont trouvés dans les limites des incertitudes des autres entrées, y compris les paramètres météorologiques, du sol et du modèle. La variabilité saisonnière et annuelle des anomalies de stockage de l'eau terrestre (TWSA) et de l'indice de gravité de la sécheresse de Palmer modifié présente une bonne corrélation entre eux. Un ensemble sélectionné de modèles climatiques globaux est utilisé pour caractériser les modèles futurs de température et de précipitation. On s'attend à ce que la variabilité à l'échelle du sous-bassin des augmentations futures de température et de précipitations entraîne une augmentation de l'évapotranspiration, une diminution du ruissellement et une augmentation des épisodes de sécheresse dans le Bassin du Congo.",A5024050154,FALSE,,,,TRUE
https://openalex.org/W4226053948,Water Budgets and Droughts under Current and Future Conditions in the Congo River Basin,https://doi.org/10.1002/9781119657002.ch10,2022,other,Venkataramana Sridhar; Hyunwoo Kang; Syed Azhar Ali; Gode B. Bola; Raphaël M. Tshimanga; V. Lakshmi,Evapotranspiration; Environmental science; Streamflow; Precipitation; Surface runoff; Water storage; Drainage basin; Structural basin; Climatology; Hydrology (agriculture); Land cover; Water resources; Current (fluid); Climate change; Water balance; Water content; Land use; Geology; Geography; Meteorology; Ecology; Oceanography,"A multi-model hydrological assessment in the Congo Basin is performed to assess water availability conditions for historical and future periods (1913–2099). With models limited by scarce in situ observations, a combination of GRACE satellite data and soil-moisture-based drought indices is shown to be capable of estimating water budget, streamflow, and drought and storage variability. Changes in land use and land cover played a role in modifying the hydrologic responses, but were found to be within the uncertainties of other inputs, including weather, soil, and model parameters. Seasonal and annual variability in terrestrial water storage anomalies (TWSAs) and the modified Palmer drought severity index (MPDSI) display a good correlation with each other. A selected set of global climate models is used to characterize the future temperature and precipitation patterns. It is expected that subbasin-scale variability in future temperature and precipitation increases will result in increased evapotranspiration, decreased runoff, and more drought events in the Congo Basin.",A5024050154,FALSE,,,,TRUE
https://openalex.org/W4413515099,Buried in mud: Wildfires threaten North American water supplies,https://doi.org/10.64628/aam.evcq3dqvg,2020,other,François‐Nicolas Robinne; Dennis W. Hallema; Kevin D. Bladon,Geography; Water resource management; Environmental science; Geology; Oceanography; Physical geography,NA,A5031419714,FALSE,,,,TRUE
https://openalex.org/W4413515556,"Après les incendies, le casse-tête de la pollution des eaux",https://doi.org/10.64628/aak.agmpw54j7,2020,other,François‐Nicolas Robinne; Dennis W. Hallema; Kevin D. Bladon,Environmental science; Geology,NA,A5031419714,FALSE,,,,TRUE
https://openalex.org/W2086247094,Wildfire and the Future of Water Supply,https://doi.org/10.1021/es500130g,2014,other,Kevin D. Bladon; Monica B. Emelko; U. Silins; Micheal Stone,Water quality; Environmental science; Downstream (manufacturing); Water supply; Agriculture; Climate change; Ecosystem; Aquatic ecosystem; Environmental protection; Environmental resource management; Water resource management; Environmental planning; Business; Environmental engineering; Ecology,"In many parts of the world, forests provide high quality water for domestic, agricultural, industrial, and ecological needs, with water supplies in those regions inextricably linked to forest health. Wildfires have the potential to have devastating effects on aquatic ecosystems and community drinking water supply through impacts on water quantity and quality. In recent decades, a combination of fuel load accumulation, climate change, extensive droughts, and increased human presence in forests have resulted in increases in area burned and wildfire severity-a trend predicted to continue. Thus, the implications of wildfire for many downstream water uses are increasingly concerning, particularly the provision of safe drinking water, which may require additional treatment infrastructure and increased operations and maintenance costs in communities downstream of impacted landscapes. A better understanding of the effects of wildfire on water is needed to develop effective adaptation and mitigation strategies to protect globally critical water supplies originating in forested environments.",A5028722255,TRUE,,,,TRUE
https://openalex.org/W4395673844,Contributors,https://doi.org/10.1016/b978-0-323-90814-6.01002-0,2024,paratext,Syed Azhar Ali; Heiko Apel; Đoàn Văn Bình; Thi Thuy Bui; Mahabub Arefin Chowdhury; Khim Khoi Dang; Quang Minh Dinh; Nguyễn Việt Dũng; Ni Van Duong; Quang Khai Ha; Christopher Hackney; Long Phi Hoang; Tuan‐Dung Hoang; Hyunwoo Kang; Sameh A. Kantoush; Paul Kristiansen; Trong Dieu Hien Le; Quang Bao Le; Tuan Le Anh; Phu Le Vo; Thi Ha LienLe; Philip S. J. Minderhoud; Jonathan Moss; Nguyễn Đình Giang Nam; Nguyễn Võ Châu Ngân; Hồng Quân Nguyễn; Tram T. B. Nguyen; Minh Tú Nguyễn; Sumant Nigam; Chantha Oeurng; Gualbert Oude Essink; Van Tuan Pham; Văn Hùng Phạm; Nguyen Huong Thuy Phan; Linh Khanh Phan; Nam Long Phan; Thanh Huy Phung; Sophea Rom Phy; Nguyen Hong Quan; Alfredo Ruiz‐Barradas; Takahiro Sayama; Ty Sok; Venkataramana Sridhar; Serena L Teasdale; Tuan Quang Thieu; Tô Quang Toản; Dinh Dac Tran; Dung Duc Tran; Loi Xuan Tran; Thong Anh Tran; Le Duc Trung; Truong Hong Son; Sophal Try; Anh‐Tuan Le; Sovannara Uk; Laurent Umans; Nguyen Van Khanh Triet; Truong-Minh Vu; Vũ Ngọc Út,Computer science,NA,A5079310898,FALSE,,,,TRUE
https://openalex.org/W7127711335,Repeated fire increases soil pyrogenic carbon storage in Alaskan Tundra,https://doi.org/10.2139/ssrn.6177586,2026,preprint,Shannon Leigh Dillard; Marin-Spiotta Erika; Christian Andresen; Lauren  N. Thomas; Evan Thaler; Nathan Conroy; Caleb Renner; Fernanda Santos; Amy L Breen; Richard P. Fiorella; G. Lichti,Permafrost; Soil carbon; Chronosequence; Tundra; Total organic carbon; Carbon fibers; Soil horizon; Ecosystem; Humus,NA,A5001392736,FALSE,,,,TRUE
https://openalex.org/W4409361897,Thresholds of Area Burned and Burn Severity for Downstream Riverine Systems to 'Feel the Burn',https://doi.org/10.22541/essoar.174438106.63564767/v1,2025,preprint,Katie A. Wampler; Allison Myers‐Pigg; Hyunwoo Kang; Peter Regier; Tim Scheibe; Kevin D. Bladon,Burn out; Severe burn; Downstream (manufacturing); Environmental science; Burn-in; Burn injury; Medicine; Engineering; Internal medicine; Surgery; Operations management,"Wildfires impact terrestrial landscapes and downstream river corridors. We assessed the impacts of burn area and burn severity on aquatic responses in hydrologic and biogeochemical parameters post-fire, using the Soil and Water Assessment Tool (SWAT) model to simulate streamflow, nitrate, and dissolved organic carbon responses to in two test basins: a humid forested basin and a semi-arid mixed land use basin. This allowed us to explore differences in responses with aridity and land use. We ran 1830 wildfire simulations testing impacts of burn areas, burn severities, and post-fire precipitation for each test-basin. Our work suggests that burn area thresholds differ with burn severity and analyte. Additionally, post-fire transport of dissolved organic carbon was sensitive to both burn area and severity, while nitrate was primarily sensitive to burn area. Despite a muted hydrologic response in the semi-arid basin, we predicted large shifts in dissolved organic carbon, suggesting that post-fire shifts in flow pathways and soil properties are key in its response. The limited response of nitrate in our simulations highlight that terrestrial post-fire transformations, rather than hydrologic changes, may control the increases in stream nitrate often observed post-fire. Discrepancies between our modeled results and field observations, likely due to biogeochemical processes that we were unable to include in the model, highlight the importance of continuing to develop a mechanistic understanding of post-fire biogeochemical cycling to improve post-fire watershed modeling predictions. As wildfire regimes are shifting, improving our understanding of post-fire responses is critical to protect freshwater resources and aquatic ecosystems.",A5016670368,TRUE,,,,TRUE
https://openalex.org/W2948717625,Wildland fire impacts on water yield across the contiguous United States,https://doi.org/10.2737/srs-gtr-238,2019,report,Dennis W. Hallema; Ge Sun; Peter Caldwell; François‐Nicolas Robinne; Kevin D. Bladon; Steven P. Norman; Yongqiang Liu; Erika Cohen; Steven G. McNulty,Yield (engineering); Environmental science; Physical geography; Geography; Hydrology (agriculture); Meteorology; Geology; Physics,"Wildland fires in the contiguous United States (CONUS) have increased in size and severity, but much remains unclear about the impact of fire size and burn severity on water supplies used for drinking, irrigation, industry, and hydropower. While some have investigated large-scale fire patterns, long-term effects on runoff, and the simultaneous effect of fire and climate trends on surface water yield, no studies account for all these factors and their interactions at the same time.",A5030625789,FALSE,,,,TRUE
https://openalex.org/W1796298417,Residual trees are under water stress in variable retention stands,https://doi.org/10.7939/r3ng4gt14,2006,report,Kevin D. Bladon; Simon M. Landhäusser; Victor J. Lieffers; U. Silins,Water retention; Water stress; Environmental science; Stress (linguistics); Hydrology (agriculture); Forestry; Mathematics; Geology; Soil science; Soil water; Geography; Geotechnical engineering; Agronomy; Biology,NA,A5028722255,TRUE,,,,TRUE
https://openalex.org/W3191040011,Post-wildfire hydrologic recovery in Mediterranean climates: A systematic review and case study to identify current knowledge and opportunities,https://doi.org/10.1016/j.jhydrol.2021.126772,2021,review,Joseph W. Wagenbrenner; Brian A. Ebel; Kevin D. Bladon; A. M. Kinoshita,Environmental science; Mediterranean climate; Hydrological modelling; Watershed; Hydrology (agriculture); Environmental resource management; Geography; Climatology; Computer science; Geology,NA,A5089979863,FALSE,,,,TRUE
https://openalex.org/W7204234679,"rileybbarton/CoastalFiresLevo: Scripts associated with the manuscript ""Early post-fire mobilization of levoglucosan distinctly contracts black carbon dynamics in small coastal mountain watersheds"" accepted in Biogeochemistry Letters",https://doi.org/10.5281/zenodo.22115867,2026,software,Riley Barton; Brieanne Forbes; Katie Wampler; Alex Collins; BP,Biogeochemistry; Levoglucosan; Blackwater; Scripting language; Carbon fibers; Carbon black,"Archive of scripts associated with the manuscript ""Early post-fire mobilization of levoglucosan distinctly contracts black carbon dynamics in small coastal mountain watersheds"" accepted in Biogeochemistry Letters.",A5085518729,TRUE,,,,TRUE
https://openalex.org/W7204262033,"rileybbarton/CoastalFiresLevo: Scripts associated with the manuscript ""Early post-fire mobilization of levoglucosan distinctly contracts black carbon dynamics in small coastal mountain watersheds"" accepted in Biogeochemistry Letters",https://doi.org/10.5281/zenodo.22115868,2026,software,Riley Barton; Brieanne Forbes; Katie Wampler; Alex Collins; BP,Biogeochemistry; Levoglucosan; Blackwater; Scripting language; Carbon fibers; Carbon black,"Archive of scripts associated with the manuscript ""Early post-fire mobilization of levoglucosan distinctly contracts black carbon dynamics in small coastal mountain watersheds"" accepted in Biogeochemistry Letters.",A5085518729,TRUE,,,,TRUE
https://openalex.org/W4406936618,"Supplementary material to ""Burn severity and vegetation type control phosphorus concentration, molecular composition, and mobilization""",https://doi.org/10.5194/egusphere-2025-21-supplement,2025,supplementary-materials,Morgan Barnes; Jesse Alan Roebuck Jr.; Samantha Grieger; Paul Aronstein; Vanessa Garayburu‐Caruso; Kathleen Munson; Robert Young; Kevin D. Bladon; John D. Bailey; Emily Graham; Lupita Renteria; Peggy A. O’Day; Tim Scheibe; Allison Myers‐Pigg,Mobilization; Phosphorus; Composition (language); Vegetation (pathology); Environmental science; Chemistry; Medicine; Geography; Organic chemistry; Art,"Figure S3.Phosphorus K-edge XANES (a) reference compounds representing K, Mg, Al, Ca, Na, and Fe inorganic P (Pi) along with an organic P species (Po).The vertical dashed line represents the white line of hydroxyapatite at 2152.3 eV, which was used as an internal reference compound; and (b) example linear combination fits for each burn severity experienced by Douglas-fir forest and Sagebrush shrubland.Data (black line), linear combination best fit (dashed gray line), and spectral deconvolution of the reference compounds (colored lines) are presented.a.",A5030174951,FALSE,,,,TRUE
https://openalex.org/W4280605793,"Supplementary material to ""Potential bioavailability of pyrogenic organic matter resembles natural dissolved organic matter pools""",https://doi.org/10.5194/egusphere-2022-194-supplement,2022,supplementary-materials,Emily Graham; Hyun‐Seob Song; Samantha Grieger; Vanessa Garayburu‐Caruso; James Stegen; Kevin D. Bladon; Allison Myers‐Pigg,Bioavailability; Organic matter; Natural organic matter; Environmental chemistry; Dissolved organic carbon; Natural (archaeology); Environmental science; Chemistry; Geology; Organic chemistry; Biology,NA,A5022100426,FALSE,,,,TRUE
https://openalex.org/W4237695642,"Supplementary material to ""The influence of a vegetated bar on channel-bend flow dynamics""",https://doi.org/10.5194/esurf-2017-56-supplement,2017,supplementary-materials,Sharon Bywater‐Reyes; Rebecca M. Diehl; Andrew C. Wilcox,Bar (unit); Flow (mathematics); Channel (broadcasting); Water channel; Dynamics (music); Physics; Environmental science; Geology; Mechanics; Engineering; Oceanography; Telecommunications; Meteorology,"Channel topographyAirborne LiDAR was flown by Watershed Sciences, Inc. (now Quantum Spatial) for Missoula County on October 30, 2012 with a Leica ALS60 with 3.83 ground points m -2 , providing 1-m resolution topography with a RMSE of 0.03 m.Inundated regions (reflected off water) were manually removed.In-channel bathymetry was measured with a Trimble 5700 base station in conjunction with Trimble R7 and 5800 RTK-GPS rover cross-section surveys augmented by Sonarmite echosounder measurements in non-wadeable areas.Monuments used for the LiDAR survey were occupied with the RTK GPS.Horizontal and vertical agreement of < 0.10 m was found.RTK topographic points were interpolated in the downstream direction using iRIC grid creator.All topographic points were combined in iRIC, and a curvilinear orthogonal grid created with an average cell size of 2.5 by 2.5 m for calibration runs, and 5 by 5 m for the remaining runs, with corresponding 841,851 and 210,926 nodes, respectively. Velocity measurementsVelocity was measured during base flow in 2015 along cross sections in locations where little geomorphic change was observed following topography collection (Fig. 1) using a Teledyne RD Instruments (TRDI) four beam 1200 kHz Rio Grande ADCP mounted to a 12-ft cataraft equipped with rapid RTK GPS rowed manually.Data were collected using single ping ensembles with Bottom Mode 12 and Water Mode 7, similar to the methods described in Rennie and Millar (2004), Rennie andChurch (2010), andVenditti et al. (2015) .Velocities from the top 0.5 m and bottom 6 % of the depth were excluded.Velocities were corrected for boat speed with",A5011808851,TRUE,,,,TRUE
